2,,назва,,ціна долар,ціна грн.,,,ціна для продажу,Опт.,ціна для продажу 2 (50%),ціна для продажу 3 (45%),ціна для продажу 4 (30%),,,,,,,,,,
,,200,,,42,"1,25",,"1,596",0,"0,5","0,45","0,3","0,2",,,,,,,,,
4,10002,E3D V5 J-head remote print head hotend 12V 40W for ANYCUBIC I3 Mega 3D Printer Parts,,5,210,"262,5","362,25","335,16",294,"301,644",315,"261,8","355,55625","106,4450625","1,209375",,,,,,,
5,10003,"3D-принтер Flying Bear, 1 комплект, 2 шт., черная шестерня и 1 шт., белая Шестерня для Ghost 6 Reborn 2 Aone 2, экструдер",,"9,5",399,"498,75","688,275","636,804","558,6","573,1236","598,5","501,5","22,3433584","-379,114411","481,7925","456,3","27,5","0,1833333333",,,,
27,10004,Шестірня для механізму подачі пластику для 3d принтера FlyingBear Ghost 6,,"1,4","58,8","73,5","101,43","93,8448","82,32","84,46032","88,2","99,0927","73,95","7,0155",,,,,,,,
4,10005,Flying Bear 3d Printer Ghost 6 1pcs/2pcs 24V 50w Updated Direct Extruder Hotend for Ghost6,,"8,15","342,3","427,875","590,4675","546,3108","479,22","491,67972","513,45","576,861075","579,5566875","173,5054519","413,32725","1,055921053",,,,,,
6,10006,Titan Extruder Parts 3D Printer ,,"4,4","184,8",231,"318,78","294,9408","258,72","265,44672","277,2","311,4342",345,"91,2","0,2643478261",,,,,,,
,10007,Хотенд Extruder Aluminum HotEnd V5 + silicon case cover 3D Printer,,"2,11","88,62","110,775","152,8695","141,43752","124,068","127,293768","132,93","149,346855","150,0447375","44,91981638",,,,,,8,"708,96","779,856"
10,10008,RAMPS E3D V6 3D Print J-head Hotend for 1.75mm Direct Filament MK3/MK3S Titan Extruder 0.4mm Nozzle 3D Printer Parts,,3,126,"157,5","217,35","201,096","176,4","180,9864",189,"212,3415","213,33375","63,8670375",,,,,,,,
9,10009,Flying Bear 3d Printer Ghost 6 Parts Direct Hotend,,11,462,"577,5","796,95","737,352","646,8","663,6168",693,"778,5855","782,22375","234,1791375","557,865","582,12","56,0868","0,09634920635",,,,
5,10010,KingRoon Upgraded Coarse Sand Blue Heatbed Sticker For 3D Printer Surface HeatBed 3D Printing Platform Sticker Heat Paper,,4,168,210,"289,8","268,128","235,2","241,3152",252,"283,122","284,445","85,15605",,,,,,,,
102,10011,"Латунні сопла MK8, 0,4 мм, головки екструдера для 3d принтера, сопла для фаламенту 1,75 мм",,"0,1916666667","8,05","10,0625","13,88625","12,8478","11,27","11,56302","12,075","13,5662625","13,62965625","4,080394063",,,,,,,,
7,10012,24V 40W Cartridge Heater Thermistor NTC 100K 3950 Wire 1M for Ender 3 Ender 3 Pro 3D Printer Accessories,,"4,5",189,"236,25","326,025","301,644","264,6","271,4796","283,5","318,51225","270,7354125","51,95451713",,,,,,,,
,10013,Hotbed For Flyingbear Ghost 6/ 230x257mm Double Sides PEI Plate Magnetic Base Coated Spring Steel Sheet 3D Printer Part,,"17,1","718,2","897,75","1238,895","1146,2472","1005,48","1031,62248","1077,3","1210,34655","1216,002375","364,0421138",,,,,,,,
10,10014,3D Printer Accessories Extrusion Head Throat Nozzle Heat Pipe Heater Block Set for Creality CR-10/CR10S/Ender 3/Ender 5,,"4,04","169,68","212,1","292,698","270,80928","237,552","243,728352","254,52","285,95322","287,28945","86,0076105",,,,,,,,
3,10023,"CREALITY Sprite Extruder полностью металлический двойной 3,5: 1 Шестеренчатый подающий дизайн, детали для 3D-принтера, детали для детской модели S1, умный Pro",,"33,81","1420,02","1775,025","2449,5345","2266,35192","1988,028","2039,716728","2130,03","2393,088705",2340,"451,98",,,,,,,,
,10024, Bed Ultra-Flexible Removable Magnetic Removable Build Surface Hotbed Cover Print Platform Kit 335x335,,"9,16","384,72","480,9","663,642","614,01312","538,608","552,611808","577,08","648,34938","651,37905","195,0073545",,"500,90544","61,0858416","0,1219508449",,,,
,10025,"(дивитись 10035) 9x сборный экструдер, комплект горячего конца для 3D-принтера Creality Ender 3 V2/Ender 3 Pro",,"7,31","307,02","383,775","529,6095","490,00392","429,828","441,003528","460,53","517,405455","519,8232375","155,6226814",,,,,,,,
7,10027,Кулер для 3d принтера Cooling Fan for 3D Printer,,"1,57","65,94","82,425","113,7465","105,24024","92,316","94,716216","98,91","111,125385","111,6446625","33,42374963",,,,,,,,
1,10028,"3D-принтер Flying Bear, 1 шт./2 шт., обновленная головка принтера V5 Hotend с алюминиевым теплообрывом для Ghost 4/4s/5",,"7,7","323,4","404,25","557,865","516,1464","452,76","464,53176","417,35","545,00985","38,808","0,096",,,,,,,,
7,10029,прозрачный экструдер с двойным приводом для Ghost4s/5,,"12,75","535,5","669,375","923,7375","854,658","749,7","769,1922","803,25","902,451375","906,6684375","225,14562","726,4593","103,784184","0,14286304",,,,,
1,10030,"Набор нагревательных блоков Hotend для принтера 3 Pro, комплект нагревательных блоков Hotend для Elegoo нептун 3, нептун 3 Plus",,"12,16","510,72","638,4","880,992","815,10912","715,008","733,598208","766,08","860,69088","864,7128","258,874392",,,,,,,,
5,10031,Нагревательный блок Hotend для 3d принтера  Нептун 3 Plus/Pro,,"7,77","326,34","407,925","562,9365","520,83864","456,876","468,754776","489,51","549,964485",537,"103,26","0,1922905028",,,,,,,
4,10032,Hotend 24 В с радиатором для 3D принтера E3D V5 Vyper,,"7,8","327,6","409,5","565,11","522,8496","458,64","470,56464","491,4","552,0879","554,66775","166,0542975",,,,,,,,
2,10033,Нагревательный блок Hotend  для 3D принтера ANYCUBIC Kobra 24V 40W ,,"4,25","178,5","223,125","307,9125","284,886","249,9","256,3974","267,75","300,817125","302,2228125","90,47830313",,,,,,,,
12,10034,повністю металевий екструдер для Ender-3/Ender-3 Pro/Ender-3 V2/Ender-3 Max/CR-10/CR-10S,,"5,33","223,86","279,825","386,1585","357,28056","313,404","321,552504","335,79","377,260065","379,0229625","113,4704366",не буду заупати більше,,,,,,,
,10035,"хотенд с радиатором и Комплект для 3D-принтера Creality Ender 3 V2, ",,"7,42","311,64","389,55","537,579","497,37744","436,296","447,639696","467,46","525,19131","527,645475","157,9644728",,,,,,,,
2,10036,Поверхневий скляний стіл з обігрівом для Flying Bear Ghost 6,,"26,01666667","1092,7","1365,875","1884,9075","1743,9492","1529,78","1569,55428","1639,05","1841,472675","1850,077688","553,8691419",https://www.aliexpress.com/item/1005004341969449.html?spm=a2g0o.order_list.order_list_main.654.49bd1802F9hqiN,,,,,,,
11,10037,Хотенд с радиатором для 3d принтера ELEGOO Neptune 4/4Pro,,"9,29","390,18","487,725","673,0605","622,72728","546,252","560,454552","585,27","657,550845","660,6235125","197,7749261",https://www.aliexpress.com/item/1005006145321298.html?spm=a2g0o.order_detail.order_detail_item.3.5a11f19c3jS2Pt,,,,,,,
4,10038,Creality Ender-3 V2 Neo/Ender-3 Max Neo/Ender-3 Neo Hotend Kit 3D Printer Part Original,,10,420,525,"724,5","670,32",588,"603,288",630,"707,805","105,84","3,36","0,0064",,,,,,,
3,10039,Хотенд із радіатором для 3d принтера  Creality Newest Ender 3 V3 SE ,,9,378,"472,5","652,05","603,288","529,2","542,9592",567,"637,0245","640,00125","191,6011125","502,74","452,466","74,466","0,1481203008",,,,
,10040,Директ екструдер для Creality Ender-3 S1/Ender-5 S1/Ender-3 V3 SE/V3 KE,,"6,9","289,8","362,25","499,905","462,5208","405,72","439,39476","434,7","488,38545","490,667625","146,8941863",https://www.aliexpress.com/item/1005006199854668.html?spm=a2g0o.order_detail.order_detail_item.5.41dcf19cHG54zb,,,,,,,
5,10041,3d ручка для малювання / 3d друку пластиком,,"6,9","289,8","362,25","499,905","462,5208","405,72","416,26872","434,7","488,38545","490,667625","146,8941863",,"683,7264",,,,,,
4,10042, Хотенд 24V E3D V6 для  Voron 2.4 Prusa i3 MK3S Ender 3 CR10 etc,,12,504,630,"869,4","804,384","705,6","723,9456",756,"849,366","853,335","255,46815",https://www.aliexpress.com/item/1005005236690679.html?spm=a2g0o.order_detail.order_detail_item.4.6f91f19cYRA84b,,,,,,,
3,10043,Двухсторонний Печатный пружинный стальной лист PEI 235*235mm PEI  + Магнитная пластина  для 3D принтера CR10 Ender 3 Ender 5 ,,17,714,"892,5","1231,65","1139,544","999,6","1025,5896",1071,"1203,2685","1208,89125","361,9132125",https://www.aliexpress.com/item/1005005248459649.html?spm=a2g0o.order_list.order_list_main.10.49bd1802F9hqiN,,,,,,,
1,10044,Покращений хотенд  24v 70w  E3D V6 Straight-type J-Head для Flying Bear 3d Printer Reborn 2,,24,1008,1260,"1738,8","1608,768","1411,2","1447,8912",1512,"1750,329","1706,67","510,9363",https://www.aliexpress.com/item/1005004587909979.html?spm=a2g0o.order_detail.order_detail_item.5.32c5f19cVCVlUH,,,,,,,
5,10045,Хотенд Kingroon для KP3S,,"6,74","283,08","353,85","488,313","451,79568","396,312","406,616112","473,9110785","548,6113123","479,289825","143,4879443",https://www.aliexpress.com/item/1005003404923884.html?spm=a2g0o.order_list.order_list_main.648.49bd1802F9hqiN,,,,,,,
4,10046,Еластичне адгезійне покриття столика 3d принтера із магнітною основою 235*2335 мм,,"8,6","361,2","451,5","623,07","576,4752","505,68","518,82768","541,8","608,7123","611,55675","183,0855075",https://www.aliexpress.com/item/1005003722170813.html?spm=a2g0o.order_detail.order_detail_item.3.333bf19cISMgNk,,,,,,,
2,10047,"Оновлений роликовий важіль для Titan Aero Prusa i3 MK2 Ultimate, Artillery Sidewinder X2 X1 Genius Hornet Gear",,4,168,210,"289,8","268,128","235,2","241,3152",252,"283,122","284,445","85,15605",https://www.aliexpress.com/item/1005002806490839.html?spm=a2g0o.order_detail.order_detail_item.4.4ffcf19cVHjGlF,,,,,,,
5,10048,"Сопло для 3d принтера Flying Bear Ghost 6, 0,4 мм (1 шт.)",,"3,05","128,1","160,125","220,9725","204,4476","179,34","184,00284","192,15","215,880525","216,8893125","64,93148813",https://www.aliexpress.com/item/1005004988768568.html?spm=a2g0o.order_detail.order_detail_item.7.29f4f19cvbuC5F,,,,,,,
,10049,"нагрівальний блок CREALITY, для принтера Ender-3 S1 CR-10 Smart Pro, з екструдером Sprite",,6,252,315,"434,7","402,192","352,8","361,9728",378,"424,683","426,6675","127,734075",https://www.aliexpress.com/item/1005005277676150.html?spm=a2g0o.order_list.order_list_main.540.49bd1802F9hqiN,,,,,,,
9,10050,"Екструдер Ender 3 v2 з подвійним редуктором та покращеним валом двигуна 20 мм, для Ender 3 Pro серії CR10",,"4,77","200,34","250,425","345,5865","319,74264","280,476","287,768376","300,51","337,622985","339,2006625","101,5485896",https://www.aliexpress.com/item/1005005743316362.html?spm=a2g0o.order_list.order_list_main.465.49bd1802F9hqiN#nav-specification,"258,4",,,,,,
4,10051,Хотенд з радіатором для 3d принтера Ghost 4/4s/5 Parts Updated 24V 50w V5  + тефлонова требка,,"11,5",483,"603,75","833,175","770,868","676,2","693,7812","724,5","687,65","817,779375","244,8236438","29,93761536",https://www.aliexpress.com/item/1005001405511170.html?spm=a2g0o.order_detail.order_detail_item.4.2c21f19coQPf7y,,,,,,
2,10052,"Хотенд з радіатором для Anycubic Vyper, 24 В, нагрівач із силіконовим носком",,"7,5",315,"393,75","543,375","502,74",441,"452,466","472,5",2548,"533,334375","159,6675938",https://www.aliexpress.com/item/1005005490202109.html?spm=a2g0o.order_detail.order_detail_item.3.7bb1f19cC2m6y4,,,,,,,
,10053,"Металевий Екструдер для 3D-принтера Ender 3 CR10 з Пружинним Вирівнюванням,та Силіконовим носком  для блока J-head MK9",,"5,5",231,"288,75","398,475","368,676","323,4","331,8084","346,5","389,29275","391,111875","117,0895688",https://www.aliexpress.com/item/10000413758302.html?spm=a2g0o.order_detail.order_detail_item.5.7bb1f19cC2m6y4,,,,,,,
1,10054,Екструдер дірект з подвійною передачею та опорною пластиною для Ender3/Ender3 Pro/CR10/10S,,19,798,"997,5","1376,55","1273,608","1117,2","1146,2472",1197,"1344,8295","1351,11375","404,4912375",https://www.aliexpress.com/item/1005005806843617.html?spm=a2g0o.order_detail.order_detail_item.7.7bb1f19cC2m6y4,,,,,,,
1,10055,система охолодження для  3d принтера Ender-3 V2,,10,420,525,"724,5","670,32",588,"603,288",630,"707,805","711,1125","212,890125",https://www.aliexpress.com/item/1005005549607237.html?spm=a2g0o.order_detail.order_detail_item.9.7bb1f19cC2m6y4,,,,,,,
,10056,Creality Ender 3 V2 Full Hotend Kit Strong Wear Resisting Stable Printing Print freely for Ender-3 V2 3D Printer Parts Original,,"10,44","438,48","548,1","756,378","699,81408","613,872","629,832672","657,72","738,94842","742,40145","222,2572905",https://www.aliexpress.com/item/1005005591794481.html?spm=a2g0o.order_detail.order_detail_item.3.fc5ef19cFHhgeN,,,,,,,
3,10057,Экструдер боуден Dual Drive для Ender 3 V2/Pro/CR10/Mega S/Tevo Tornado Wanhao D9/Anet A8 A8+ Prusa I3,,5,210,"262,5","362,25","335,16",294,"301,644",315,"353,9025","355,55625","106,4450625",https://www.aliexpress.com/item/1005005913560291.html?spm=a2g0o.order_detail.order_detail_item.3.4a15f19cSz6c2g,,,,,,,
2,10058,E3D-V6 J-head Hotend 1.75MM Filament 0.4MM High quality brass dot nozzle direct Distance For Voron2.4 3D Pri nter,,"6,83","286,86","358,575","494,8335","457,82856","401,604","412,045704","430,29","483,430815","485,6898375","145,4039554",https://www.aliexpress.com/item/1005005987590410.html?spm=a2g0o.order_list.order_list_main.428.21ef18029ERKCZ,,,,,,,
,10059,Хотенд MK8 24V 40W для Anet A2 A8 ,,"4,1","172,2","215,25","297,045","274,8312","241,08","247,34808","258,3","290,20005","291,556125","87,28495125",https://www.aliexpress.com/item/1005004937192267.html?spm=a2g0o.order_detail.order_detail_item.3.4322f19c8Il9Gc,,,,,,,
,10060,Хотенд з радіатором E3D V6 +нагрівач і термістор + силіконовий носок (без трубки),,"3,5425","148,785","185,98125","256,654125","237,46086","208,299","213,714774","223,1775","250,7399213","251,9116031","75,41632678",https://www.aliexpress.com/item/1005003651646732.html?spm=a2g0o.order_detail.order_detail_item.3.396df19cxjM7sw,,,,,,,
,10061,Хотенд з радіатором MK8  для Ender 3 CR10 + силіконовий носок,,"3,45","144,9","181,125","249,9525","231,2604","202,86","208,13436","217,35","244,192725","245,3338125","73,44709313",https://www.aliexpress.com/item/4001157498360.html?spm=a2g0o.order_detail.order_detail_item.3.57adf19ctLM2Bm,,,,,,,
,10062,Creality Official Ender 3 Bed Ultra-Flexible Removable Magnetic Removable Build Surface Hotbed Cover Print Platform Kit 235x235,,"9,68","406,56","508,2","701,316","648,86976","569,184","583,982784","609,84","685,15524","688,3569","206,077641",https://www.aliexpress.com/item/1005005996575683.html?spm=a2g0o.order_detail.order_detail_item.3.245af19cgVZN5b,,,,,,,
,10063,хотенд з радіатором і кулером V6 J-head 24 V (боуден),,"9,7","407,4","509,25","702,765","650,2104","570,36","585,18936","611,1","686,57085","689,779125","206,5034213",https://www.aliexpress.com/item/4000945151792.html?spm=a2g0o.order_detail.order_detail_item.7.17c7f19cAFfoNw,,,,,,,
,10064,Хотенд для CREALITY Ender-5 S1 титановий сплав + мідне грло,,21,882,"1102,5","1521,45","1407,672","1234,8","1266,9048",1323,"1486,3905","1493,33625","447,0692625",https://www.aliexpress.com/item/1005004457429520.html?spm=a2g0o.order_detail.order_detail_item.4.60bdf19c6fVHKs,,,,,,,
,10065,Високотемпературний хотенд 300℃ для 3d принтерів Ender-3 S1 CR-10 Smart Pro Printer зі Sprite Extruder,,"6,46","271,32","339,15","468,027","433,02672","379,848","389,724048","406,98","457,24203","68,37264","2,17056","0,0064",,,,,,,
,10066,"Хотанд для 3d принтера Anycubic Kobra 2, Kobra 2 Plus / Kobra 2 Pro/ Kobra 2 Neo",,"3,5",147,"183,75","253,575","234,612","205,8","211,1508","220,5","247,73175","248,889375","74,51154375","195,51","175,959","28,959","0,1481203008",,,,
,10067,Хотанд для 3d принтера Anycubic Vyper з радіатором,,"5,37","225,54","281,925","389,0565","359,96184","315,756","323,965656","338,31","380,091285","381,8674125","114,3219971",,,,,,,,
,10068,Хотенд для 3d принтера Anycubic Chiron з радіатором,,"5,18","217,56","271,95","375,291","347,22576","304,584","312,503184","326,34","366,64299","368,356275","110,2770848",,,,,,,,
,10069,Хотенд для 3d принтера Ender 3 CR10 з радіатором,,4,168,210,"289,8","268,128","235,2","241,3152",252,"283,122","284,445","85,15605","135,55605",,,,,,,
,10070,Дірект екструдер для Ender 3 / Ender-3 Pro з оновленим двигуном  з кареткою і шлейфом,,30,1260,1575,"2173,5","2010,96",1764,"1809,864",1890,"2123,415","2133,3375","638,670375","1675,8","1508,22","248,22","0,1481203008",,,,
,10071,Хотенд для 3d принтера Artillery Sidewinder X1/X2 Genius + силіконовий носок,,"4,46","187,32","234,15","323,127","298,96272","262,248","269,066448","280,98","315,68103","317,156175","94,94899575","0,2993761536",,,,,,,
,10072,"Латунні сопла MK8, 0,2 мм, головки екструдера для 3d принтера, сопла для фаламенту 1,75 мм",,"0,28","11,76","14,7","20,286","18,76896","16,464","16,892064","17,64","19,81854","19,91115","5,9609235",,,,,,,,
,10073,Хотенд для 3d принтера For Elegoo Neptune 4/4 pro,,"3,8","159,6","199,5","275,31","254,7216","223,44","229,24944","239,4","268,9659","270,22275","80,8982475",https://www.aliexpress.com/item/1005006144216662.html?spm=a2g0o.order_list.order_list_main.527.21ef18026vICJL,,,,,,,
,10074,Екструдер Flying Bear з двигуном для 3d принтерів Ghost6 Reborn2 Aone2,,"28,5",1197,"1496,25","2064,825","1910,412","1675,8","1719,3708","1795,5","2078,515688","2026,670625","606,7368563",,,,,,,,
,10075,Покращений хотенд  24v 70w  E3D V6 Straight-type J-Head для Flying Bear 3d Printer Reborn 2,,"28,51","1197,42","1496,775","2065,5495","1911,08232","1676,388","1719,974088","1796,13","2017,952055","2027,381738","606,9497464",,,,,,,,
,10076,хотенд Flying Bear з радіатором до 3d принтера Aone 2 ,,11,462,"577,5","796,95","737,352","646,8","663,6168",693,"778,5855","782,22375","234,1791375","614,46","553,014","91,014","0,1481203008",,,,
,10077,Хотенд для 3d принтера Anet  ET4 / ET4X / ET4+ / ET4 Pro /  ET5 / ET5X / ET5 Pro,,9,378,"472,5","652,05","603,288","529,2","542,9592",567,"637,0245","640,00125","191,6011125",,,,,,,,
,10078,Хотенд з блоком обдуву для 3d принтера Ender 3,,"12,5",525,"656,25","905,625","837,9",735,"754,11","787,5","884,75625","888,890625","266,1126563",,,,,,,,
,10079,Хотенд для 3d принтера CR-6 SE ,,"9,5",399,"498,75","688,275","636,804","558,6","573,1236","598,5","672,41475","675,556875","202,2456188",,,,,,,,
,10080,"Хотенд для 3d принтера CR-6 SE  з радіатором, нагрівачем і термістором",,"7,9","331,8","414,75","572,355","529,5528","464,52","476,59752","497,7","559,16595","561,778875","168,1831988",,,,,,,,
,10081,"Металевий роликовий важіль Idler Arm Gear для екструдера   Prusa i3, Artillery Genius, Sidewinder X1 / X2",,"2,1","88,2","110,25","152,145","140,7672","123,48","126,69048","132,3","148,63905","149,333625","44,70692625",,,,,,,,
,10082,"покращений хотенд для Bambulab P1P / P1S (біметалеве горло, сопло із загартованої сталі)",,"10,74","451,08","563,85","778,113","719,92368","631,512","803,553912","676,62","496,188","763,734825","159,90786","558,45",5022,,,,,,
,10083,"покращений хотенд для Bambulab X1 X1C (біметалеве горло, сопло із загартованої сталі)",,"10,83","454,86","568,575","784,6335","725,95656","636,804","653,360904","682,29","766,552815","770,1348375","230,5600054",,,,,,,,
,10084,"цілком металевий дірект екструдер Space V2.0 з двогвинтовою подачею для voron 2.4  ender 3, обгрейдженого хотенда CR10",,17,714,"892,5","1231,65","1139,544","999,6","1025,5896",1071,"1203,2685","1208,89125","361,9132125",,,,,,,,
,10085,"Пружна пластина з двостороннім покриттям PEI, для 3d принтера Flyingbear Ghost 5 (214X275)",,"14,3","600,6","750,75","1036,035","958,5576","840,84","862,70184","900,9","1012,16115","1016,890875","304,4328788",,,,,,,,
,10086,високоякісні сопла для Ender 3 V3 SE /Ender 5 S1/ Ender 7,,"0,6","25,2","31,5","43,47","40,2192","35,28","36,19728","37,8","42,4683","42,66675","12,7734075",,,,,,,,
,10087,"Металевий  важіль Idler  із зубчастим роликом для екструдера Prusa i3, Artillery Genius, Sidewinder X1 / X2",,4,168,210,"289,8","268,128","235,2","241,3152",252,"283,122","284,445","85,15605","223,44","201,096","33,096","0,1481203008",,,,
,10088,Силіконовий килимок для 3d ручки,,"3,2","134,4",168,"231,84","214,5024","188,16","193,05216","201,6","226,4976","227,556","68,12484",,,,,,,,
,10089,Силіконовий теплоізолятор для  нагріваючого блоку E3D V5 J-head,,"0,414","17,388","21,735","29,9943","27,751248","24,3432","24,9761232","26,082","29,303127","29,4400575","8,813651175",,,,,,,,
,10090,Силіконовий термоізолятор для нагрівального блоку MK8,,"0,4","16,8",21,"28,98","26,8128","23,52","24,13152","25,2","28,3122","28,4445","8,515605",,,,,,,,
,10091,"Сопда V5 V6 E3D з внутрішнім діаметром 0,4 мм",,"0,2128333333","8,939","11,17375","15,419775","14,266644","12,5146","12,8399796","13,4085","15,06444975","15,13484438","4,531011494",,,,,,15,"147,4935",
,10092,"Хотенд V5 до 3д принтера Anycubic I3 Mega, Mega-S з радіатором і силіконовим чохлом",,"2,77","116,34","145,425","200,6865","185,67864","162,876","167,110776","174,51","196,061985","196,9781625","58,97056463","154,7322","139,25898","22,91898","0,1481203008",,,,
,10093,Хотенд для Ender-3 V3 SE з біметалевим горлом та сталевим соплом,,"7,85","329,7","412,125","568,7325","526,2012","461,58","473,58108","494,55","1,5",549,"109,5",153,"0,1994535519",,,,,,
,10094,"Хотенд для 3d принтера Anycubic Kobra 2, Kobra 2 Plus, Kobra 2 Pro, Kobra 2 Neo + силіконовий носок Hhiddo",,"5,25","220,5","275,625","380,3625","351,918","308,7","316,7262","330,75","371,597625","373,3340625","111,7673156",,,,,,1,,
,10095,"хотенд для 3д принтера Creality K1 K1 Max з керамічним агрівачем, біметалевим горлом Hhiddo",,"5,91","248,22","310,275","428,1795","396,15912","347,508","356,543208","310,275",1155,"322,686","38,97054","354,45",,,,,,,
,10096,"Хотэнд для 3d принтера  Elegoo Neptune 3 Pro, 3 Plus, 3 max",,"8,25","346,5","433,125","597,7125","553,014","485,1","497,7126","519,75","583,939125","586,6678125","175,6343531",,,,,,,,
,10097,"Хотенд для 3д принтера VORON V0.1, V2.4, Prusa i3 MK2S, MK3 без нагрівального блока",,"15,4","646,8","808,5","1115,73","1032,2928","905,52","929,06352","970,2","1090,0197","1095,11325","327,8507925",,,,,,,,
,10098,"Тефлонова трубка для 3д принтера для нитки 0,7 мм + 2 фіттинга PC4-M6 + 2 фіттинга PC4-M10",,"1,6","67,2",84,"115,92","107,2512","94,08","96,52608","100,8","113,2488","8,064","0,08571428571",,,,,,,,
,10099,Мідна щітка для чистки сопла і нагрівального блока 3д принтера,,1,42,"52,5","72,45","67,032","58,8","60,3288",63,"70,7805","71,11125","21,2890125",,,,,,,,
,10100,"Ніж для обробки пластикових деталей, виготовлених на 3д принтері",,"1,6","67,2",84,"115,92","107,2512","94,08","96,52608","100,8","113,2488","113,778","34,06242",,,,,,,,
,10101,Хотенд SINGRLIGOD для 3д принтера з двома філаментами Ender-3 CR 10,,"6,674","280,308","350,385","483,5313","447,371568","392,4312","402,6344112","420,462","472,389057","474,5964825","-144,1834275",,https://www.aliexpress.com/item/1005005038756885.html?spm=a2g0o.order_detail.order_detail_item.3.7bf4f19c02WWj5,,,,,,
,10102,"Столик з підігрівом Creality для 3д принтера Ender-3 Ender-3 V2, 235*235 мм 24 V",,25,1050,"1312,5","1811,25","1675,8",1470,"1508,22",1575,"1769,5125","1777,78125","-540,09375","1396,5","1256,85","206,85","0,1481203008",,,,
,10103,Платформа KINGROON з підігрівом для 3д принтера MK3 220x220x3 mm,,"13,5",567,"708,75","978,075","904,932","793,8","814,4388","850,5","955,53675","960,001875","-291,650625",,,,,,,,
,10104,Ремкомплект екструдера BMG з подвійним приводом,,"3,695","155,19","193,9875","267,70275","247,68324","217,266","222,914916","232,785","296,4051405","262,7560688","-79,82585625",,,,,,,,
,10105,"Игла T-Trees для прочистки сопел 3d принтера 0,2 мм (1 футляр - 10 шт)",,"0,7","29,4","36,75","50,715","46,9224","41,16","42,23016","44,1","56,15253","49,777875","-15,122625",,,,,,,,
,10106,"Игла T-Trees для прочистки сопел 3d принтера 0,2 5 мм (1 футляр - 10 шт)",,"0,7","29,4","36,75","50,715","46,9224","41,16","42,23016","44,1","56,15253","49,777875","-15,122625",,,,,,,,
,10107,"Голка T-Trees для прочистки сопел 3d принтера 0,3 мм (1 футляр - 10 шт)",,"0,7","29,4","36,75","50,715","46,9224","41,16","42,23016","44,1","56,15253","49,777875","-15,122625",,,,,,,,
,10108,"Голка T-Trees для прочистки сопел 3d принтера 0,35 мм (1 футляр - 10 шт)",,"0,7","29,4","36,75","50,715","46,9224","41,16","42,23016","44,1","56,15253","49,777875","-15,122625",,,,,,,,
,10109,"Голка T-Trees для прочистки сопел 3d принтера 0,4 мм (1 футляр - 10 шт)",,"0,6","25,2","31,5","43,47","40,2192","35,28","36,19728","37,8","48,13074","42,66675","-12,96225",,,,,,,,
,10110,,,,,0,0,0,0,0,0,0,0,0,,,,,,,,
,10111,Набір ножів IdeaFormer для очищення виробів 3D-друку 13 предметів,,5,210,"262,5","362,25","335,16",294,"301,644",315,"401,0895","355,55625","-108,01875",,,,,,,,
,10112,"Шестерня Creativity  для екструдера  Titan Aero Idler Arm Gear
",,"2,74","115,08","143,85","198,513","183,66768","161,112","165,300912","172,62","219,797046","194,844825","-59,194275",,,,,,,,
,10113,Електричний штангенциркуль з цифровим дисплеєм,,"2,19","91,98","114,975","158,6655","146,80008","128,772","132,120072","137,97","175,677201","155,7336375","-47,3122125",,,,,,,,
,10114,високотемпературне біметалеве горло T-Trees для 3д принтерів з хотнедом типу E3D V6 ,,"1,654","69,468","86,835","119,8323","110,870928","97,2552","99,7838352","104,202","132,6804066","117,6180075","-35,7326025",,,,,,,,
,10115,"Новый легкий экструдер Matrix Extruder Lite и хотенд от RS Trianglelab для Ender 3, Prusa, CR10, ANET, Artillery Sidewinder x1, BLV BEAR",,"78,12","3281,04","4101,3","5659,794","5236,53984","4593,456","4712,885856","4921,56","6266,622348","5555,21085","-1687,68495",,,,,,,,
,10116,"Вискокшвидкісний екструдер KINGROON TITAN AERO в брірці з ходендом і кареткою для 3д принтерів Ender 3, CR10",,"38,5",1617,"2021,25","2789,325","2580,732","2263,8","2322,6588","2425,5","3088,38915","2737,783125","-831,744375",,,,,,,,
,10117,"Сопло для 3d принтера Flying Bear Ghost 6, 0,3",,"3,035","127,47","159,3375","219,88575","203,44212","178,458","183,097908","191,205","243,4613265","215,8226438","-65,56738125",,,,,,,,
,10118,"Сопло для 3d принтера Flying Bear Ghost 6, 0,6",,"3,035","127,47","159,3375","219,88575","203,44212","178,458","183,097908","191,205","243,4613265","215,8226438","-65,56738125",,,,,,,,
,10119,"Сопло для 3d принтера Flying Bear Ghost 6, 0,8",,"3,035","127,47","159,3375","219,88575","203,44212","178,458","183,097908","191,205","243,4613265","215,8226438","-65,56738125",,,,,,,,
,10120,Хотенд з радіатором для 3д принтера Ender-6 + силіконовий чохол ,,"8,94","375,48","469,35","647,703","599,26608","525,672","539,339472","563,22","717,148026","635,734575","-193,137525",,,,,,,,
,10121,"Сопло YES для 3d принтерів Ender-3 V3 SE, Ender-7, Ender-5 S1 0,4 мм мідне з покриттям",,"1,4","58,8","73,5","101,43","93,8448","82,32","84,46032","88,2","112,30506","99,55575","-30,24525",,,,,,,,
,10122,"Сопло YES для 3d принтерів Ender-3 V3 SE, Ender-7, Ender-5 S1 1,0 мм мідне з покриттям",,"1,1","46,2","57,75","79,695","73,7352","64,68","66,36168","69,3","88,23969","78,222375","-23,764125",,,,,,,,
,10123,"Сопло YES для 3d принтерів Ender-3 V3 SE, Ender-7, Ender-5 S1 1,0 мм латунне",,"0,5",21,"26,25","36,225","33,516","29,4","30,1644","31,5","40,10895","35,555625","-10,801875",,,,,,,,
,10124,"Біметалеве горло Hhidoo для 3д принтера Creality K1, K1 Max",,"2,16","90,72","113,4","156,492","144,78912","127,008","130,310208","136,08","173,270664","153,6003","-46,6641",,,,,,,,
,10125,"Сопло із загартованої сталі Hhidoo для 3д принтера Creality K1, K1 Max, діамер 0,4 мм",,"2,225","93,45","116,8125","161,20125","149,1462","130,83","134,23158","140,175","178,4848275","158,2225313","-48,06834375",,,,,,,,
,10126,Прямий екструдер BIQU H2 V2S,,43,1806,"2257,5","3115,35","2882,376","2528,4","2594,1384",2709,"3449,3697","3057,78375","-928,96125",,,,,,,,
"13,4",10127,Двигун flyingbear для екструдера 3д принтера Ghost 6,,"15,5",651,"813,75","1122,975","1038,996","911,4","935,0964","976,5","1130,420813","1102,224375","-334,858125",,,,,,,,
,10128,Зносостійка шестерня maccurat для екструдера 3D-принтера Bambu Lab P1P X1 X1C,,11,462,"577,5","796,95","737,352","646,8","663,6168",693,1938,"782,22375","-237,64125",,,,,,,,
,10129,"Високотемпературний хотенд IdeaFormer для 3d принтерів Ender-3 S1, CR-10 Smart Pro, 300℃  з екструдером Sprite",,7,294,"367,5","507,15","469,224","411,6","422,3016",441,3,"497,77875","-151,22625",,,,,,,,
,10130,Комплект для хотенду для 3д принтера Elegoo Neptune 4 pro ,,"5,06","212,52","265,65","366,597","339,18192","297,528","305,263728","318,78","405,902574","359,822925","-109,314975",,,,,,,,
,10131,Сопло T-Trees Volcano із загартованаї сталі для високошвидкісного 3д друку Creality K1/K1 Max/ Anycubic Vyper/Kobra / Sovol Sv06 Plus/Sv07,,"1,7","71,4","89,25","123,165","113,9544","99,96","102,55896","107,1","136,37043","120,889125","-36,726375",,,,,,,,
,10132,Біметалеве горло AOKIN для 3д принтера CR 10 S4 S5 Ender-3 V2 Ender-3 Pro,,"1,57","65,94","82,425","113,7465","105,24024","92,316","94,716216","98,91","125,942103","111,6446625","-33,9178875",,,,,,,,
,10133,Пружна металева адгезивна пластина PEI - PEO для 3д принтерів 235x235 mm,,"12,76","535,92","669,9","924,462","855,32832","750,288","769,795488","803,88","1023,580404","907,37955","-275,66385",,,,,,,,
,10134,Пружна металева адгезивна пластина PEI - PEO з магнітною основою для 3д принтерів 235x235 mm,,9,378,"472,5","652,05","603,288","529,2","542,9592",567,"721,9611","640,00125","-194,43375",,,,,,,,
,10135,CREALITY Пружна металева адгезивна пластина PEI - PEO з магнітною основою для 3д принтерів 235x235 mm ,,"16,69","700,98","876,225","1209,1905","1118,76408","981,372","1006,887672","1051,47","1338,836751","1186,846763","-360,5665875",,,,,,,,
,10136,Комплект екструдера E3D V6 з біметалевим горлом ,,"3,6","151,2",189,"260,82","241,3152","211,68","217,18368","226,8","288,78444","256,0005","-77,7735",,,,,,,,
,10137,Пружна металева адгезивна пластина maccurat PEI - PEI для 3д принтерів 220x220 mm,,12,504,630,"869,4","804,384","705,6","723,9456",756,"962,6148","853,335","-259,245",,,,,,,,
,10138,Горло (термобар'єр) TWO TREES V5 високотемпературне біметалеве для 3д принтерів,,"1,666666667",70,"87,5","120,75","111,72",98,"100,548",105,"133,6965","118,51875","-36,00625",,,,,,,,
,10139,Горло (термобар'єр) TWO TREES E3D  високотемпературне біметалеве для 3д принтерів,,"1,1","46,2","57,75","79,695","73,7352","64,68","66,36168","69,3","88,23969","78,222375","-23,764125",,,,,,,,
,10140,Горло (термобар'єр) TWO TREES V6 високотемпературне біметалеве для 3д принтерів,,"2,01","84,42","105,525","145,6245","134,73432","118,188","121,260888","126,63","161,237979","142,9336125","-43,4235375",,,,,,,,
,10141,Горло (термобар'єр) TWO TREES CR6 SE високотемпературне біметалеве для 3д принтерів,,"1,14","47,88","59,85","82,593","76,41648","67,032","68,774832","71,82","91,448406","81,066825","-24,628275",,,,,,,,
,10142,Горло (термобар'єр) TWO TREES R10 високотемпературне біметалеве для 3д принтерів,,"1,27","53,34","66,675","92,0115","85,13064","74,676","76,617576","80,01",58,"90,3112875","-27,4367625",,,,,,,,
,10143,Горло (термобар'єр) TWO TREES E3D V5 високотемпературне біметалеве для 3д принтерів,,"1,14","47,88","59,85","82,593","76,41648","67,032","68,774832","71,82","91,448406","81,066825","-24,628275",,,,,,,,
,10144,Горло (термобар'єр) TWO TREES E3D V6 високотемпературне біметалеве для 3д принтерів,,"1,2","50,4",63,"86,94","80,4384","70,56","72,39456","75,6","96,26148","85,3335","-25,9245",,,,,,,,
,10145,Камера HD якості для Creality K1/K1 MAX,,"17,5",735,"918,75","1267,875","1173,06",1029,"1055,754","1102,5","1403,81325","185,22","5,88","0,006349206349",,,,,,,
,10146,Улучшенная каретка NoEnName_Null для прямой экструзии Creality CR10 Ender-3 5 Pro,,"8,59","360,78","450,975","622,3455","575,80488","505,092","518,224392","541,17","689,071761","610,8456375","-185,5762125",,,,,,,,
,10147,Сопла латунні Creality для 3д принтерів K1/K1 MAX,,"1,22","51,24","64,05","88,389","81,77904","71,736","73,601136","76,86","97,865838","86,755725","-26,356575",,,,,,,,
,10148,"Латунні сопла AOKIN MK8, 0,2 мм, для 3d принтера",,"0,175","7,35","9,1875","12,67875","11,7306","10,29","10,55754","11,025","14,0381325","12,44446875","-3,78065625",,,,,,,,
,10149,"Сопло KINGROON із загартованої сталі для 3д принтерів Bambu Lab X1, P1",,"1,1","46,2","57,75","79,695","73,7352","64,68","66,36168","69,3","88,23969","78,222375","-23,764125",,,,,,,,
,10150,Новий екструдер CREALITY Sprite SE-Neo для DIY Ender-3 V2 Neo /Ender-3 Neo /Ender-3 Max NeoEnder-2 Pro,,25,1050,"1312,5","1811,25","1675,8",1470,"1508,22",1575,"2005,4475","1777,78125","-540,09375",,,,,,,,
,10151,Оновлений хотенд FlyingBear E3D V6 для 3d принтера Ghost 6 з біметалевим гролом,,10,420,525,"724,5","670,32",588,"603,288",630,"802,179","711,1125","-216,0375",,,,,,,,
,10152,Безщітковий вентилятор равлик AOKIN 5015 24V 50 мм x 50 мм x 15 мм,,"0,75","31,5","39,375","54,3375","50,274","44,1","45,2466","47,25","60,163425","53,3334375","-16,2028125","7,938",,,,,,,
,10153,"Тефлонова трубка для 3д принтера для нитки 0,7 мм + 2 фіттинга PC4-M6 + 2 фіттинга PC4-M10",,"2,4","100,8",126,"173,88","160,8768","141,12","144,78912","151,2","192,52296",135,"7,2","0,05333333333",,,,,,,
,10154,"Сопла латунні Creality для 3д принтерів K1/K1 MAX 0,6 мм",,1,42,"52,5","72,45","67,032","58,8","60,3288",63,"80,2179","71,11125","-21,60375",,,,,,,,
,10155,"Сопла латунні Creality для 3д принтерів K1/K1 MAX 0,2 мм",,"0,85","35,7","44,625","61,5825","56,9772","49,98","51,27948","53,55","68,185215","60,4445625","-18,3631875",,,,,,,,
,10156,Еластичне адгезійне покриття Kingroon для столика 3d принтера із магнітною основою 180*180 мм,,"8,7","365,4","456,75","630,315","583,1784","511,56","524,86056","548,1","697,89573","618,667875","-187,952625",,,,,,,,
,10157,Самоклеюча термоізоляція TWO TREES для стола 3д принтера 310*310 мм,,"2,7","113,4","141,75","195,615","180,9864","158,76","162,88776","170,1","216,58833","28,5768","0,9072","0,0064",,,,,,,
,10158,Пружна металева адгезивна пластина PEI - PEI для 3д принтерів 235x235 mm,,"10,6","445,2","556,5","767,97","710,5392","623,28","639,48528","667,8","850,30974","985,005","231,504",,,,,,,,
,10159,"Creality направляюча рейкової осі X MGN12C з підтримкою монтажного кронштейна Sprite Pro для 3D-принтерів Creality Ender 3, Ender 3 Pro, Ender 3 V2",,"26,5",1113,"1391,25","1919,925","1776,348","1558,2","1598,7132","1669,5","2125,77435","280,476","8,904","0,0064",,,,,,,
,10160,Комплект гвинтів осі Z для Creality Ender 3 / Ender-3 Pro/Ender-3 V2 ,,30,1260,1575,"2173,5","2010,96",1764,"1809,864","1627,75","2406,537","2133,3375","-648,1125",,,,,,,,
,10161,Камера Creality Nebula High-definition для 3д принтерів,,"17,8","747,6","934,5","1289,61","1193,1696","1046,64","1073,85264","1121,4","1167,9","1265,78025","-384,54675",,,,,,,,
,10162,Хотенд FLSUN для 3д принтера V400 (набір),,"22,11","928,62","1160,775","1601,8695","1482,07752","1300,068","1333,869768","1392,93","1773,617769","1572,269738","-477,6589125",,,,,,,,
,10163,латунне сопло creality 0.4 мм + силіконовий чохол для 3д принтера ENDER 3 v2 neo,,1,42,"52,5","72,45","67,032","58,8","60,3288",63,"80,2179","71,11125","-21,60375",,,,,,,,
,10164,"Сопло YES для 3d принтерів Ender-3 V3 SE, Ender-7, Ender-5 S1 0,2 мм мідне з покриттям",,"1,5",63,"78,75","108,675","100,548","88,2","90,4932","94,5","120,32685","106,666875","-32,405625",,,,,,,,
,10165,"Сопло YES для 3d принтерів Ender-3 V3 SE, Ender-7, Ender-5 S1 0,6 мм мідне з покриттям",,"1,5",63,"78,75","108,675","100,548","88,2","90,4932","94,5","120,32685","106,666875","-32,405625",,,,,,,,
,10166,,,"3,48","146,16","182,7","252,126","233,27136","204,624","209,944224","219,24","279,158292","247,46715","-75,18105",,,,,,,,
,10167,,,"0,5555555556","23,33333333","29,16666667","40,25","37,24","32,66666667","33,516",35,"44,5655","39,50625","-12,00208333",,,,,,,,
,10168,"Латунне сопло aimsoar V5 V6 J-head для 3д принтера  ANYCUBIC  Kobra 2 (0,4 мм)",,1,42,"52,5","72,45","67,032","58,8","60,3288",63,"80,2179","71,11125","-21,60375",,,,,,,,
,10169,"Вентилятор SZYTF 4010 для 3д принтера, 24 Вольт",,"1,1","46,2","57,75","79,695","73,7352","64,68","66,36168","69,3","88,23969","78,222375","-23,764125",,,,,,,,
,10170,"Кулер для 3d принтера, DC 24 V",,"1,5",63,"78,75","108,675","100,548","88,2","90,4932","94,5","93,5",,,,,,,,,,
,10171,"Сопло Kingroon V5 V6 E3D з внутрішнім діаметром 0,2 мм",,"0,2128333333","8,939","11,17375","15,419775","14,266644","12,5146","12,8399796","13,4085","17,07304305","15,13484438","-4,597998125",,,,,,,,
,10172,"Сопла латунні Creality для 3д принтерів K1 / K1 MAX 0,8 мм",,"1,2","50,4",63,"86,94","80,4384","70,56","72,39456","75,6","96,26148","85,3335","-25,9245",,,,,,,,
,10173,Сопло IdeaFormer  для 3д принтера Bambu Lab X1/ X1 / P1P/ P1S із загартованої сталі для швидкісного одруку ,,"2,35","98,7","123,375","170,2575","157,5252","138,18","141,77268","148,05","188,512065","167,1114375","-50,7688125",,,,,,,,
,10174,термістор,,"0,76","31,92","39,9","55,062","50,94432","44,688","45,849888","47,88","60,965604","54,04455","-16,41885",,,,,,,,
,10175,силіконовий чохол MK10 ,,"1,2","50,4",63,"86,94","80,4384","70,56","72,39456","75,6","96,26148","85,3335","-25,9245",,,,,,,,
,10176,силіконовий чохол v6,,"0,52","21,84","27,3","37,674","34,85664","30,576","31,370976","32,76","41,713308","36,97785","-11,23395",,,,,,,,
,10177,силіконовий чохол MK7 MK8 MK9,,"0,5",21,"26,25","36,225","33,516","29,4","30,1644","31,5","40,10895","35,555625","-10,801875",,,,,,,,
,10178,Екструдер Creality для 3д принтерів K1/K1 MAX,,20,840,1050,1449,"1340,64",1134,"1206,576","1084,6","1084,6","1422,225","-432,075","1084,6",,,,,,,
,10179,Хотенд CREALITY для 3д принтера CR-200B ,,15,630,"787,5","1086,75","1005,48",882,"904,932",945,"1203,2685","1066,66875","-324,05625",,,,,,,,
,10180,"Кроковий двигун NEMA17 23 мм 0,42 N.м 1,5 A для 3D-принтера",,"3,88","162,96","203,7","281,106","260,08416","228,144","234,075744","244,44","311,245452","275,91165","-83,82255",,,,,,,,
,10181,Вирівнююча пружина Maccurat для 3D-принтера 8х20,,"1,2","50,4",63,"86,94","80,4384","70,56","72,39456","75,6","96,26148","85,3335","-25,9245",,,,,,,,
,10182,"Сопло Hhiddo 0,4 мм із загартованої сталі для 3D-принтерів  Creality K1/K1 MAX",,"1,6","67,2",84,"115,92","107,2512","94,08","96,52608","100,8","128,34864","113,778","-34,566",,,,,,,,
,10183,"Сопло Hhiddo 0,4 мм із загартованої сталі для 3D-принтерів QIDI Tech X-PLUS 3/ X-MAX 3/X-SMART 3",,"1,64","68,88","86,1","118,818","109,93248","96,432","98,939232","103,32","131,557356","116,62245","-35,43015",,,,,,,,
,10184,"Цільне сопло Creality 0,4 мм для 3д принтерів Creality k1C/K1 Max /Ender3 v3",,3,126,"157,5","217,35","201,096","176,4","180,9864",189,"209,95","171,6","-106,545",,,,,,,,
,10185,"Сопло Kingroon із загартованої сталі 0,4 мм для 3д принтерів Ender-3 CR10",,"1,614","67,788","84,735","116,9343","108,189648","94,9032","97,3706832","101,682","129,4716906","114,7735575","-34,8684525",,,,,,,,
,10186,"Сопло Hhiddo E3D  із загартованої сталі 0,4 мм для 3д принтерів",,"1,635","68,67","85,8375","118,45575","109,59732","96,138","98,637588","103,005","131,1562665","116,2668938","-35,32213125",,,,,,,,
,10187,Роликовий підшипник Creality для 3д принтерів,,"0,8033333333","33,74","42,175","58,2015","53,84904","47,236","48,464136","50,61","64,441713","57,1260375",,,,,,,,,
,10188,Синхронний ремінь Creativity Y-Вісь 757 мм,,"1,88","78,96","98,7","136,206","126,02016","110,544","113,418144","118,44","150,809652","133,68915","98,7",,,,,,,,
,10189,Синхронний ремінь Creativity Y-Вісь 757 мм,,"2,18","91,56","114,45","157,941","146,12976","128,184","131,516784","137,34","174,875022","155,022525","114,45",,,,,,,,
,10190,"Сопло Hhiddo 0,4 мм із загартованої сталі для 3D-принтерів Ender-7/Ender-3 V3 SE/Ender-5 S1",,"1,64","68,88","86,1","118,818","109,93248","96,432","98,939232","103,32","131,557356","116,62245",,,,,,,,,
,10191,"Сопло Hhiddo 0,4 мм із загартованої сталі для 3D-принтерів Elegoo Neptune 4/Neptune 4 Pro",,"1,64","68,88","86,1","118,818","109,93248","96,432","98,939232","103,32","131,557356","116,62245",,,,,,,,,
,10192,"Сопло Hhiddo 0,4 мм Volcano із загартованої сталі для 3D-принтерів",,1,42,"52,5","72,45","67,032","58,8","60,3288",63,"80,2179","71,11125",,,,,,,,,
,10193,Нагрівальний блок для Ender 3 V3 SE Теплоблок 3D-принтера,,"2,05","86,1","107,625","148,5225","137,4156","120,54","123,67404","129,15","164,446695","145,7780625",,,,,,,,,
,10194,Нагрівач та термістор для Ender 3 V3 SE,,"3,23","135,66","169,575","234,0135","216,51336","189,924","194,862024","203,49","259,103817","229,6893375",,,,,,,,,
,10195,"Сопло T-Trees 0,8 мм із загартованої сталі для 3D-принтерів Creality K1/K1 Max/ Anycubic Vyper/Kobra",,"1,43","60,06","75,075","103,6035","95,85576","84,084","86,270184","90,09","114,711597","101,6890875",,,,,,,,,
,10196,Комплект екструдера E3D V6 з сталевим горлом ,,"2,56","107,52","134,4","185,472","171,60192","150,528","154,441728","161,28","205,357824","182,0448",,,,,,,,,
,10197,Комплект друкуючої головки SEEJIE для 3D-принтера ANYCUBIC Kobra Go,,42,1764,2205,"3042,9","2815,344","2469,6","2533,8096",2646,"3369,1518","800,2",,,,,,,,,
,10198,Нагрівач та термістор Maccurat для 3d принтера Bambu Lab X1/X1-Carbon Hotend,,"4,4","184,8",231,"318,78","294,9408","258,72","265,44672","277,2","259,25","312,8895",,,,,,,,,
,10199,Нагрівач та термістор для 3d принтера Bambu Lab P1P / P1S,,"4,88","204,96","256,2","353,556","327,11616","286,944","327,11616","307,44","391,463352","347,0229",,,,,,,,,
,10200,Двигун екструдера Creality круглий кроковий двигун для 3D-принтера K1/K1 Max,,20,840,1050,1449,"1340,64",1176,"1206,576",1260,"1604,358","1084,6","1084,6",,,,,,,,
,10201,"Вентилятор охолодження SZYTF 4020 для 3д принтера, 24 Вольт",,"0,92","38,64","48,3","66,654","61,66944","54,096","55,502496","57,96","73,800468",5,,,,,,,,,
,10202,Cопло Creality для 3д принтеров Creality k1C / K1 Max / Ender3 v3 0.6,,,,0,0,0,0,0,0,0,0,,,,,,,,,
,10203,Cопло Creality для 3д принтеров Creality k1C / K1 Max / Ender3 v3 0.2,,,,0,0,0,0,0,0,0,0,,,,,,,,,
,10204,Cопло Creality для 3д принтеров Creality k1C / K1 Max / Ender3 v3 0.8,,,,0,0,0,0,0,0,0,0,,,,,,,,,
,10205,,,"1,16","48,72","60,9","84,042","77,75712","68,208","69,981408","73,08","93,052764","82,48905",,,,,,,,,
,10206,Хотеyl для 3д принтера Creality CR-10 smart,,"20,02","840,84","1051,05","1450,449","1341,98064","1177,176","1207,782576","1261,26","1605,962358","1423,647225",,,,,,,,,
,10207,Екструдер Crielety для 3d принтера CR-6 SE/CR-6 Max/CR-10 Smart,,10,420,525,"724,5","670,32",588,"603,288",630,"802,179","711,1125",,,,,,,,,
,10208,Распылитель для кухонного масла 200 мл,,"2,3","96,6","120,75","166,635","154,1736","135,24","138,75624","144,9","184,50117","163,555875",,,,,,,,,
,10209,міні електро дрель USB ,,"6,3","264,6","330,75","456,435","422,3016","370,44","380,07144","396,9","505,37277","448,000875",,,,,,,,,
,10210,Надійна автоматична парасоля на 12 шпиць з 2 шаровим захистом  ,,9,378,"472,5","652,05","603,288","529,2","542,9592",567,"721,9611","640,00125",,,,,,,,,
,10211,Набір лез для ножа по обробці пластикових 3d деталелй,,"2,2","92,4","115,5","159,39","147,4704","129,36","132,72336","138,6","176,47938","156,44475",,,,,,,,,
,10212,"Сопло IdeaFormer 0,8мм  для 3д принтера Bambu Lab X1/ X1 / P1P/ P1S із загартованої сталі для швидкісного одруку ",,"1,5194","63,8148","79,7685","110,08053","101,8484208","89,34072","91,66357872","95,7222","121,8830773","108,0464333",,,,,,,,,
,10213,Хотенд EARTH'S SURFACE с радиатором для 3d принтера CR-10S Pro/CR-10S Pro V2,,"6,77","284,34","355,425","490,4865","453,80664","398,076","408,425976","426,51","543,075183","481,4231625",,,,,,,,,
,10214,"Червона тефлонова трубка TWO TREES для 3д принтера для філамента 1,75 мм",,"1,38","57,96","72,45","99,981","92,50416","81,144","83,253744","86,94","110,700702","98,133525",,,,,,,,,
,10215,"Синя тефлонова трубка TWO TREES для 3д принтера для філамента 1,75 мм",,"1,25","52,5","65,625","90,5625","83,79","73,5","75,411","78,75","100,272375","88,8890625",,,,,,,,,
,10216,Термістор IdeaFormer для 3D-принтерів Artillery Sidewinder X1/X2 Genius,,"1,8","75,6","94,5","130,41","120,6576","105,84","108,59184","113,4","144,39222","128,00025",,,,,,,,,
,10217,"Хотенд  5Aplusreprap V5 для 3д принтера Anycubic I3 Mega, Mega-S з радіатором з оновленим нагрівачем",,6,252,315,"434,7","402,192","352,8","361,9728",378,"481,3074","426,6675",,,,,,,,,
,10218,Міні-підставка для ноутбука з двома USB вентиляторами ,,"2,5",105,"131,25","181,125","167,58",147,"150,822","157,5","200,54475","177,778125",,,,,,,,,
,10219,Екструдер для 3д принтера Creality Ender 3 S1,,"18,64","782,88","978,6","1350,468","1249,47648","1096,032","1124,528832","1174,32","1495,261656","1325,5137",,,,,,,,,
,10220,Керамічний трубчатий нагрівач для 3d  принтерів K1 / K1 MAX  ,,"1,68","70,56","88,2","121,716","112,61376","98,784","101,352384",108,"101,4","119,4669","88,2","149,6",,,,,,,
,10221,Силіконовий новок для creality K1 /K1 max,,"0,77","32,34","40,425","55,7865","51,61464","45,276","46,453176","48,51","61,767783","54,7556625",,,,,,,,,
,10222,Аксесуар в авто качка Crazy Duck в чорній кулі 8 шолом з пропелером,,2,84,105,"144,9","134,064","117,6","120,6576",126,"160,4358","142,2225",,,,,,,,,
,10223,Bluetooth аудіо приймач / передавач VIKEFON,,"2,25","94,5","118,125","163,0125","150,822","132,3","135,7398","141,75","180,490275","160,0003125",,,,,,,,,
,10224,"Латунні сопла XMSJ MK8 / 0,6 мм, для 3d принтера",,"0,165","6,93","8,6625","11,95425","11,06028","9,702","9,954252","10,395","13,2359535","11,73335625",,"9,009","9,35",,,,,,
,10225,Екструдер CREALITY Sprite Pro,,41,1722,"2152,5","2970,45","2748,312","2410,8","2473,4808",2583,"3288,9339","2915,56125",,,,,,,,,
,10226,"PLA пластик Sunlu, 1,75 mm/ 1kg/ GREY",,11,462,"577,5","796,95","737,352","646,8","663,6168",693,"882,3969","782,22375",,,,,,,,,
,10227,"PETG пластик Sunlu, 1,75 mm/ 1kg - Asphalt",,10,420,525,"724,5","670,32",588,"603,288",630,"802,179","711,1125",,,,,,,,,
,10228,столик для 3д принтера flying bear ghost 5 з підігрівом,,"35,68","1498,56","1873,2","2585,016","2391,70176","2097,984","2152,531584","2247,84","2862,174672","2537,2494",,,,,,,,,
,10229,Хотенд для 3д принтера flying bear S1 зі сталевим соплом,,"18,76","787,92","984,9","1359,162","1257,52032","1103,088","1131,768288","1181,88","1504,887804","992,8",,,,,,,,,
,10230,Хотенд для 3д принтера kobra 3 / kobra 3 combo з біметалевим горлом,,"5,22","219,24","274,05","378,189","349,90704","306,936","314,916336","328,86","418,737438","371,200725",,,,,,,,,
,10231,Хотенд TWO TREES для 3д принтера Bambu Lab A1 mini,,"8,92","374,64","468,3","646,254","597,92544","524,496","538,132896","508,236624","715,543668","634,31235",,,,,,,,,
,10232,PEI пластина для 3д принтера FlyingBear Reborn 2,,"48,3","2028,6","2535,75","3499,335","3237,6456","2840,04","2913,88104","3042,9","3522,537113",,,,,,,,,,
,10233,Хотенд Creality з керамічним нагрівачем  та швидкозмінним соплом для 3D-принтера K1С/K1Max,,"15,66666667",658,"822,5","1135,05","1050,168","921,2","945,1512",987,"0,214797136","892,6428",,,,,,,,,
,10234,PEI поверхня FYSETC для 3д принтерів Bambu Lab X1/P1P/P1S,,"9,4","394,8","493,5","681,03","630,1008","552,72","567,09072","493,5","573,75","0,4532674772",,,,,,,,,
,10235,Керамічний трубчатий нагрівач  та термістоор для 3d принтерів Creality K1 / K1 MAX,,"3,35","140,7","175,875","242,7075","224,5572","196,98","190,87362","211,05",,,,,,,,,,,
,10236,Хотенд HIRUI із радіатором біметалевим термобар'єром  і мідним соплом для Ender-3 V3 SE,,"8,74","367,08","458,85","633,213","585,85968","513,912","527,273712","550,62",,,,,,,,,,,
,10237,Шестерні JUUPINE для екструдера 3d принтера Creality K1 / K1 max,,4,168,210,"289,8","268,128","235,2","241,3152",252,,,,,,,,,,,
,10238,Поверхня PEI для столика 3d принтера Creality K1 ,,27,1134,"1417,5","1956,15","1809,864","1587,6","1628,8776",1701,,,,,,,,,,,
,10239,Шестерні для екструдера Sprite,,6,252,315,"434,7","402,192","352,8","361,9728",378,,,,,,,,,,,
,10240,"PLA пластик Sunlu, 1,75 mm/ 1kg/ Black",,11,462,"577,5","796,95","737,352","646,8","663,6168",693,"727,6923077","567,6","0,2285714286",,,,,,,,
,10241,"PLA пластик Sunlu, 1,75 mm/ 1kg/ White",,11,462,"577,5","796,95","737,352","646,8","663,6168",693,,,,,,,,,,,
,10242,Горло (термобар'єр) NENYALV для 3д принтера Kobra 2,,"1,05","44,1","55,125","76,0725","70,3836","61,74","63,34524","66,15",,,,,,,,,,,
,10243,"Сопло Kingroon із загартованої сталі для 3д принтерів Bambu Lab X1 / P1, 0,2 мм",,"1,125","47,25","59,0625","81,50625","75,411","66,15","67,8699","70,875",,,,,,,,,,,
,10244,Шестерня  FYSETC для екструдера Bambu Lab A1 Mini,,"11,37333333","477,68","597,1","823,998","762,37728","668,752","686,139552","716,52",,,,,,,,,,,
,10245,Радіатор Creality для 3д принтерів K1 / K1 Max / K1C,,"2,28","95,76","119,7","165,186","152,83296","134,064","137,549664","143,64",,,,,,,,,,,
,10246,Хотенд OLOEY з керамічним нагрівачем  та швидкозмінним соплом для 3D-принтера K1С / K1 Max,,"8,6","361,2","451,5","623,07","576,4752","505,68","518,82768","451,5",,,,,,,,,,,
,10247,Материнська плата для 3D-принтера Ender-3 V3 KE,,"27,65","1161,3","1451,625","2003,2425","1853,4348","1625,82","1668,09132","1741,95",,,,,,,,,,,
,10248,Кабель від материнської плати до екструдера  в  3D принтері Flying Bear Ghost 6,,"10,58","444,36","555,45","766,521","709,19856","622,104","638,278704","0,223433584",,,,,,,,,,,
,10249,Шестерні OLOEY із загартованої сталі для екструдера 3d принтера Creality K1/K1 max/K1C,,"4,1","172,2","215,25","297,045","274,8312","241,08","247,34808","241,8",,,,,,,,,,,
,10250,Хотенд для 3д принтера Kobra 3 / Kobra 3 combo з радіатором та біметалевим горлом,,"6,81","286,02","357,525","493,3845","456,48792","400,428","410,839128",,"372,3",,,,,,,,,,
,10251,Хотенд для 3д принтера Mega Zero V2.0,,6,252,315,"434,7","402,192","352,8","361,9728",,,,,,,,,,,,
,10252,"Сопло для Bambu Lab A1/A1 Mimi 0,4 мм",,2,84,105,"144,9","134,064","117,6","120,6576",,,,,,,,,,,,
,10253,Набір шестерні TWO TREES для экструдера ELEGOO Neptune 4 / Pro / Plus / Max,,"5,4","226,8","283,5","391,23","361,9728","317,52","351,54","328,1",984,,,,,,,,,,
,10254,,,,,0,0,0,0,0,,,,,,,,,,,,
,10255,"Латунне сопло JUUPINE для 3д принтера Anycubic Kobra 3 Combo (0,4 мм)",,"0,6","25,2","31,5","43,47","40,2192","35,28","36,19728",,,,,,,,,,,,
,10256,,,,,0,0,0,0,0,,,,,,,,,,,,
,10257,Високотемпературна силіконова твердотільна проставка 12 mm,,2,84,105,"144,9","134,064","117,6","120,6576",126,"145,86075",,,,,,,,,,
,10258,Високотемпературна силіконова твердотільна проставка 18 mm,,2,84,105,"144,9","134,064","117,6","120,6576",126,"145,86075",,,,,,,,,,
,10259,PEI пластина Makerbase 225*225 для 3д принтера Neptune 4 ,,24,1008,1260,"1738,8","1608,768","1411,2","1447,8912",,,,,,,,,,,,
,10260,Двостороння поверхня PEO PEI для столика 3d принтера Creality K1 Max 315 x 310,,"27,65","1161,3","1451,625","2003,2425","1853,4348","1625,82","1668,09132","1500,25",,,,,,,,,,,
,10261,"PEI пластина HLKEJI 330*330 для 3д принтера Neptune 4 plus, Neptune 3 plus, ",,15,630,"787,5","1086,75","1005,48",882,"904,932",,,,,,,,,,,,
,10262,Хотенд JUUPINE з радіатоором для 3D-принтера Creality K1С / K1 Max,,"13,21","554,82","693,525","957,0645","885,49272","776,748","752,668812","693,525","752,668812",,,,,,,,,,
,10263,Хотенд Creality з радіатоором для 3D-принтера K1С / K1 Max,,"25,07","1052,94","1316,175","1816,3215","1680,49224","1474,116","1512,443016","1316,175","1428,418404",,,,,,,,,,
,10264,нагрівач з фіксатором для bambulab a1 mini ,,"22,5",945,"1181,25","1630,125","1508,22","1204,875","0,2156862745","1417,5",,,,,,,,,,,
,10265,Вентилятор хотенда для 3д принтера bambu lab P1S P1P,,"4,43","186,06","232,575","320,9535","296,95176","260,484","267,256584","239,7",,,,,,,,,,,
,10266,Вентилятор хотенда для 3д принтера bambu lab x1,,"3,8","159,6","199,5","275,31","254,7216","223,44","229,24944",,,,,,,,,,,,
,10267,"Кулер для 3d принтера, 2507 12V 2PIN
",,"3,5",147,"183,75","253,575","234,612","205,8","211,1508",,,,,,,,,,,,
,10268,Нагрівач та термістор Maccurat для 3d принтера Bambu Lab A1 / A1 mini,,"3,6","151,2",189,"260,82","241,3152","211,68","217,18368",,,,,,,,,,,,
,10269,Оновлений екструдер для 3д принтерів K1 / K1C / K1 Max,,31,1302,"1627,5","2245,95","2077,992","1822,8","1870,1928",,,"1432,2",,,,,,,,,
,10270,Покращений екструдер Micro Swiss NG™ для Creality Ender 6,,119,4998,"6247,5","8621,55","7976,808","6997,2","7893,1272",,,,,,,,,,,,
,10271,Покращений екструдер Micro Swiss NG™ для Creality Ender 5 / 5pro / 5 plus,,119,4998,"6247,5","8621,55","7976,808","6997,2","8355,1272","7056,470588",1000,,,,,,,,,,
,10272,"Клей-спрей для платформи 3D-принтера – адгезивний засіб для PLA, ABS, PETG та інших матеріалів",,"11,5",483,"603,75","833,175","770,868","676,2","693,7812",,,,,,,,,,,,
,10273,Силіконовий носок JUUPINE для хотенду Bambu Lab X1/X1C/P1P/P1S,,"0,7333333333","30,8","38,5","53,13","49,1568","43,12","44,24112",,,,,,,,,,,,
,10274,Зносостійкий Хотенд Phaetus для 3D-принтера Bambu Lab P1 серії,,25,1050,"1312,5","1811,25","1675,8",1470,"1508,22",,,,,,,,,,,,
,10275,Термістор для Ender 3 V3 SE,,"1,6","67,2",84,"115,92","107,2512","94,08","96,52608",,,,,,,,,,,,
,10276,Нагрівач для Ender 3 V3 SE,,"1,6","67,2",84,"115,92","107,2512","94,08","96,52608",,,,,,,,,,,,
,10277,Хотенд 5Aplusrepra з біметалевим горлом та з загартованим сталевим соплом для 3д принтерів лінійіки Kobra 2,,"5,7","239,4","299,25","412,965","382,0824","335,16","343,87416",,,,,,,,,,,,
,10278,Тефлонова трубка 3DSWAY 4 метри,,4,168,210,"289,8","268,128","235,2","227,9088",,,,,,,,,,,,
,10279,Антивібраційні гумові підставки для 3D-принтера BambuLab A1 mini,,"4,476666667","188,02","235,025","324,3345","300,07992","263,228","270,071928","255,067932",,,,,,,,,,,
,10280,датчик автокалібрування для 3D-принтера Flying Bear Reborn 2,,"22,95","963,9","1204,875","1662,7275","1538,3844","1349,46","1384,54596",,,,,,,,,,,,
,10281,"Світлодіодна LED-підсвітка для 3D-принтера Bambu Lab A1 mini,",,"3,6","151,2",189,"260,82","241,3152","211,68","217,18368",,,,,,,,,,,,
,10282,Покращений хотенд з керамічним нагрівачем для 3д принтерів серії Kobra 2,,"7,85","329,7","412,125","568,7325","526,2012","461,58","473,58108",,,,,,,,,,,,
,10283,Силіконова щітка для очищення сопла Bambu Lab A1 mini,,"1,68","70,56","88,2","121,716","112,61376","98,784","101,352384","90,95",,,,,,,,,,,
,10284,Адаптер для PTFE трубок Bambu Lab X1/P1/X1C/P1S/P1P,,"6,4","268,8",336,"463,68","429,0048","376,32","386,10432",,,,,,,,,,,,
,10285,Екструдер для 3D-принтерів Anycubic серії Kobra 2,,"19,75","829,5","1036,875","1430,8875","1323,882","1161,3","1191,4938","1125,2997",,,,,,,,,,,
,10286,вісь x для 3д принтера bambulab a1 mini,,"81,72","3432,24","4290,3","5920,614","5477,85504","4805,136","4930,069536",,,,,,,,,,,,
,10287,"Сопло для Bambu Lab A1/A1 Mini 0,2 мм",,"1,78","74,76","93,45","128,961","119,31696","104,664","107,385264",,,,,,,,,,,,
,10288,Зносостійка шестерня Maccurat для екструдера 3D-принтера Bambu Lab P1P X1 X1C з DLC нанопокриттям,,"6,1","256,2","320,25","441,945","408,8952","358,68","368,00568",,,,,,,,,,,,
,10289,"Хотенд BEGRINT для 3D принтера Bambu Lab A1 mini 0,2мм",,"4,67","196,14","245,175","338,3415","313,03944","274,596","281,735496","266,083524",,,,,,,,,,,
,10290,"Хотенд Creality для 3d принтера Ender-3 V2 Neo, Ender-3 Max Neo, Ender-3 Neo без нагрівача і термістора",,"7,24","304,08","380,1","524,538","485,31168","425,712","436,780512",,,,,,,,,,,,
,10291,Адгезивна поверхня для 3д принтера Bambu Lab A1 Mini з малюнком зоряного неба,,"7,2","302,4",378,"521,64","482,6304","423,36","434,36736",,,,,,,,,,,,
,10292,Адгезивна поверхня для 3д принтера Bambu Lab A1 Mini з малюнком синьо-фіолетової шахматки,,,,0,0,0,0,0,,,,,,,,,,,,
,10293,Адгезивна поверхня для 3д принтера Bambu Lab A1 Mini з строкатим візерунком у стилі калейдоскопа,,,,0,0,0,0,0,,,,,,,,,,,,
,10294,Скляна платформа Creality з карборундовим покриттям розміром 235x235x4 мм для 3д принтерів,,"16,65","699,3","874,125","1206,2925","1116,0828","979,02","1004,47452",,,,,,,,,,,,
,10295,Мастило для шестерень 3D-принтерів Creality K1 / K1C / K1 Max,,"0,7","29,4","36,75","50,715","46,9224","41,16","42,23016",,,,,,,,,,,,
,10296,Біметалеве горло (термобар'єр)  KINGROON для 3д принтера Cobra 3,,"1,65","69,3","86,625","119,5425","110,6028","97,02","99,54252",,,,,,,,,,,,
,10297,хотенд Creativity для 3д принтера Ender 5,,"7,45","312,9","391,125","539,7525","499,3884","438,06","449,44956",,,,,,,,,,,,
,10298,Нагрівач JUUPINE з фіксатором для Bambu Lab a1 mini,,"9,325","391,65","489,5625","675,59625","625,0734","548,31","562,56606",,,,,,,,,,,,
,10299,Двостороння підкладка JUUPINE з магнітною основою для 3d принтера flyingbear ghost 6,,"16,25","682,5","853,125","1177,3125","1089,27","955,5","980,343",,,,,,,,,,,,
,10300,Екструдер для 3D принтера Reborn 3,,"38,8","1629,6",2037,"2811,06","2600,8416","2281,44","2340,75744",,,,,,,,,,,,
,10301,Хотенд для 3D принтера Reborn 3,,"18,7","785,4","981,75","1354,815","1253,4984","1099,56","1128,14856",,,,,,,,,,,,
,10302,"Латунні сопла XMSJ MK8, 0,8 мм, для 3d принтера",,"0,21","8,82","11,025","15,2145","14,07672","12,348","12,669048",,,,,,,,,,,,
,10303,Сопло IdeaFormer 0.4 мм для Bambu Lab X1 / X1 Carbon / P1P /P1S из закаленной стали для скоростной печати,,"2,35","98,7","123,375","170,2575","157,5252","138,18","141,77268",,,,,,,,,,,,
,10304,Сопло Kingroon из закаленной стали для 3д принтера 0.4 мм,,"1,45","60,9","76,125","105,0525","97,1964","85,26","87,47676",,,,,,,,,,,,
,10305,Сопло Kingroon из закаленной стали для 3д принтера 0.6 мм,,"1,45","60,9","76,125","105,0525","97,1964","85,26","87,47676",,,,,,,,,,,,
,10306,Сопло Kingroon из закаленной стали для 3д принтера 0.8 мм,,"1,45","60,9","76,125","105,0525","97,1964","85,26","87,47676",,,,,,,,,,,,
,10307,"Сопло Creality 0,4 мм из закаленной стали для 3D-принтеров Creality K1/K1 Max/Anycubic Vyper/Kobra",,"1,365","57,33","71,6625","98,89425","91,49868","80,262","82,348812",,,,,,,,,,,,
,10308,"Сопла латунні Creality для 3д принтерів K1 / K1 MAX 1,0 мм",,"1,21","50,82","63,525","87,6645","81,10872","71,148","72,997848",,,,,,,,,,,,
,10309,"Сопла латунні Creality для 3д принтерів K1 / K1 MAX 1,2 мм",,"1,21","50,82","63,525","87,6645","81,10872","71,148","72,997848",,,,,,,,,,,,
,10310,"Сопло Creality для 3d принтерів Ender-3 V3 SE, Ender-7, Ender-5 S1 0,4 мм мідне з покриттям",,"1,68","70,56","88,2","121,716","112,61376","98,784","101,352384",,,,,,,,,,,,
,10311,"Сопло YES для 3d принтерів Ender-3 V3 SE, Ender-7, Ender-5 S1 0,6 мм мідне з покриттям",,"1,69","70,98","88,725","122,4405","113,28408","99,372","101,955672",,,,,,,,,,,,
,10312,"Високоякісні латунні сопла YES 0,6 мм для Ender-3 V3 SE, Ender-5 S1, Ender-7",,"0,7","29,4","36,75","50,715","46,9224","41,16","42,23016",,,,,,,,,,,,
,10313,"Високоякісні латунні сопла YES 0,2 мм для Ender-3 V3 SE, Ender-5 S1, Ender-7",,"0,7","29,4","36,75","50,715","46,9224","41,16","42,23016",,,,,,,,,,,,
,10314,"Високоякісні латунні сопла YES 0,4 мм для Ender-3 V3 SE, Ender-5 S1, Ender-7",,"1,44","60,48","75,6","104,328","96,52608","84,672","86,873472",,,,,,,,,,,,
,10315,Комплект концевых выключателей Creality EndStop для принтера Ender 3 V2/Ender 3 Pro/Ender 3 Neo/Ender 3 V2 Neo,,1,42,"52,5","72,45","67,032","58,8","60,3288",,,,,,,,,,,,
,10316,"Хотенд BEGRINT для 3D принтера Bambu Lab A1 mini 0,4 мм",,"4,67","196,14","245,175","338,3415","313,03944","274,596","281,735496",,,,,,,,,,,,
,10317,Хотенд 3DSWAY для 3D принтера для Elegoo Neptune 4 Plus/Neptune 4 Max ,,"10,8","453,6",567,"782,46","723,9456","635,04","651,55104",,,,,,,,,,,,
,10318,Скляний столик для 3d принтера Flying Bear Aone2,,"21,7","911,4","1139,25","1572,165","1454,5944","1275,96","1309,13496",,,,,,,,,,,,
,10319,"Високоякісні латунні сопла YES 0,4 мм для Ender-3 V3 SE, Ender-5 S1, Ender-7",,"0,7","29,4","36,75","50,715","46,9224","41,16","42,23016",,,,,,,,,,,,
,10320,Комплект линейных направляющих Neptune 3Pro MGN9H 315MM NP4 3D-принтера,,"44,42","1865,64","2332,05","3218,229","2977,56144","2611,896","2679,805296",,,,,,,,,,,,
,10321,Алюминиевый нагревательный блок V6 IdeaFormer,,"2,39","100,38","125,475","173,1555","160,20648","140,532","144,185832",,,,,,,,,,,,
,10322,"Сопло Creality для 3d принтерів Ender-3 V3 SE, Ender-7, Ender-5 S1 0,6 мм мідне з покриттям",,"1,68","70,56","88,2","121,716","112,61376","98,784","101,352384",,,,,,,,,,,,
,10323,"Сопло з загартованої сталі aimsoar для 3д принтера  ANYCUBIC  Kobra 2 (0,4 мм)",,"1,33","55,86","69,825","96,3585","89,15256","78,204","80,237304",,,,,,,,,,,,
,10324,Датчик нитки екструдера BEGRINT для принтера Bambulab X1/X1C,,"5,06","212,52","265,65","366,597","339,18192","297,528","305,263728",,,,,,,,,,,,
,10325,"Повністю металевий екструдер для Ender-3, Ender-3 Pro, Ender-3 V2, Ender-3 Max, CR-10, CR-10S",,"5,33","223,86","279,825","386,1585","357,28056","313,404","321,552504",,,,,,,,,,,,
,10326,Тефлонова труба 3DSWAY 2М для 3D-принтера Bambu Lab P1P AMS A1 mini + різак,,"4,25","178,5","223,125","307,9125","284,886","249,9","256,3974",,,,,,,,,,,,
,10327,Синхронний ремінь Creativity  X-Вісь 112мм,,"2,2","92,4","115,5","159,39","147,4704","129,36","132,72336",,,,,,,,,,,,
,10328,Синхронний ремінь Creativity  Y-Вісь 113мм,,"2,3","96,6","120,75","166,635","154,1736","135,24","138,75624",,,,,,,,,,,,
,10329,"Загартована сталева шестерня JUUPINE  для екструдера 3D-принтера Bambu Lab P1P, P1S, X1, X1C",,"7,65","321,3","401,625","554,2425","512,7948","449,82","461,51532",,,,,,,,,,,,
,10330,Сопло 0.4мм + силіконовий чохол KINGROON для хотенда E3D V5-vyper,,"1,44","60,48","75,6","104,328","96,52608","84,672","86,873472",,,,,,,,,,,,
,10331,Хотенд ELVES для Ender-5 S1,,10,420,525,"724,5","670,32",588,"603,288",,,,,,,,,,,,
,10332,Екструдер CREALITY Sprite CREALITY Sprite Extruder Pro Kit 300°C ,,"61,66","2589,72","3237,15","4467,267","4133,19312","3625,608","3719,873808",,,,,,,,,,,,
,10333,Оригінальний хотенд JUUPINE для 3D-принтерів Bambu Lab X1/X1C/P1P/P1S + вентилятор охолодження,,"30,4","1276,8",1596,"2202,48","2037,7728","1787,52","1833,99552",,,,,,,,,,,,
,10334,"Хотенд BEGRINT 0,4 мм для Creality K2 Plus ",,"13,2725","557,445","696,80625","961,592625","889,68222","780,423","800,713998",,,,,,,,,,,,
,10335,Міні-гайковий ключ KINGROON для 3D-принтера 4в1 M2 M2.5 M3 M4,,"0,93","39,06","48,825","67,3785","62,33976","54,684","56,105784",,,,,,,,,,,,
,10336,"Зубчастий замкнутий ремінь Creativity 2M-634-6, довжина по колу 634 мм, ширина 6 мм",,"1,94","81,48","101,85","140,553","130,04208","114,072","117,037872",,,,,,,,,,,,
,10337,"Екструдер Bambu Lab для 3D принтера серії P1 (Р1S, P1P)",,37,1554,"1942,5","2680,65","2480,184","2175,6","2232,1656",,,,,,,,,,,,
,10338,"Кроковий двигун для екструдера Creality K1, K1C, K1 Max, Ender 3 V3 та Ender 3 V3 Plus",,"12,5",525,"656,25","905,625","837,9",735,"754,11",,,,,,,,,,,,
,10339,Оновлення екструдера для Creality K1 K1C K1 Max Ender 3 V3 Plus,,"16,18","679,56","849,45","1172,241","1084,57776","951,384","976,119984",,,,,,,,,,,,
,10340,"Сопло MK8 JUUPINE із загартованої сталі 0,4 мм для 3д принтерів",,"0,634","26,628","33,285","45,9333","42,498288","37,2792","38,2484592",,,,,,,,,,,,
,10341,"Екструдер ANYCUBIC для 3D-принтерів  Kobra 3, Kobra 3 Combo",,"20,38","855,96","1069,95","1476,531","1366,11216","1198,344","1229,500944",,,,,,,,,,,,
,10342,"Сопло Flying Bear для 3d принтера Flying Bear Ghost 6, 0,4 мм (1 шт.)",,"3,04","127,68","159,6","220,248","203,77728","178,752","183,399552",,,,,,,,,,,,
,10343," Екструдерний двигун Creality Hi, кроковий двигун 42-26 для 3D-принтера Creality Hi",,"12,7","533,4","666,75","920,115","851,3064","746,76","766,17576",,,,,,,,,,,,
,10344,"Пружна металева двостороння PEI - PEI пластина CUBMAG, 264x276 мм для Anycubic Kobra S1/S1 Combo Build",,"8,06","338,52","423,15","583,947","540,27792","473,928","486,250128",,,,,,,,,,,,
,10345,"PEI PEO PET текстурована поверхня JOYYSET 257x257 мм для принтерів Bambu Lab X1 X1-CARBON, P1P, P1S, X1E, A1",,"10,28","431,76","539,7","744,786","689,08896","604,464","620,180064",,,,,,,,,,,,
,10346,Пружна металева двостороння пластина RAMPS PEI - PEI 3д принтерів 235x235 mm,,"10,14","425,88","532,35","734,643","679,70448","596,232","611,734032",,,,,,,,,,,,
,10347,Оригінальний комплект шестерні Creality 16×16×9_2 для K2 Plus,,9,378,"472,5","652,05","603,288","529,2","542,9592",,,,,,,,,,,,
,10348,Комплект синхронних ременів Creality по осі X + Y та зубчастих ременів кільця для Ender 3 V3 KE/Ender 3 V3 SE,,4,168,210,"289,8","268,128","235,2","241,3152",,,,,,,,,,,,
,10349,Епоксидна смоляна пластина Creality 235x235 мм для 3D-принтера K1C/K1 SE,,10,420,525,"724,5","670,32",588,"603,288",,,,,,,,,,,,
,10350,"Пінцет ESD-15 з нержавіючої сталі, антистатичний вигнутий пінцет для ремонту електроніки",,"1,03","43,26","54,075","74,6235","69,04296","60,564","62,138664",,,,,,,,,,,,
,10351,Нагрівач та термістор JUUPINE для 3d принтера Bambu Lab P1P / P1S,,"3,91","164,22","205,275","283,2795","262,09512","229,908","235,885608",,,,,,,,,,,,
,10352,Комплект з двигуном для прямого приводу CR10 для Ender-3,,17,714,"892,5","1231,65","1139,544","999,6","1025,5896",,,,,,,,,,,,
,10353,Комплект для прямого приводу CR10 для Ender-3,,9,378,"472,5","652,05","603,288","529,2","542,9592",,,,,,,,,,,,
,10354,"Оновлена ​​швидкозмінна насадка для серії Ender 3 S1, CR-10 Smart Pro 0,4 мм, мідно-титанова",,"2,55","107,1","133,875","184,7475","170,9316","149,94","153,83844",,,,,,,,,,,,
,10355,Друкуюча головка для 3D-принтера ANYCUBIC FDM для ANYCUBIC Kobra 2 Plus/Kobra 2 Max/Kobra 2 Pro,,34,1428,1785,"2463,3","2279,088","1999,2","2051,1792",,,,,,,,,,,,
,10356,Нагрівач Ur Elk з фіксатором для Bambu Lab a1 mini,,"13,5",567,"708,75","978,075","904,932","793,8","814,4388",,,,,,,,,,,,
,10357,"Хотенд Ur Elk для 3D принтера Bambu Lab A1 mini 0,2 мм",,6,252,315,"434,7","402,192","352,8","361,9728",,,,,,,,,,,,
,10358,"Голки TWO TREES для очищення сопел 3D-принтера з нержавіючої сталі 0,2 мм (1 футляр - 10 шт)",,"0,55","23,1","28,875","39,8475","36,8676","32,34","33,18084",,,,,,,,,,,,
,10359,"Голки TWO TREES для очищення сопел 3D-принтера з нержавіючої сталі 0,25 мм (1 футляр - 10 шт)",,"0,55","23,1","28,875","39,8475","36,8676","32,34","33,18084",,,,,,,,,,,,
,10360,"Голки TWO TREES для очищення сопел 3D-принтера з нержавіючої сталі 0,3 мм (1 футляр - 10 шт)",,"0,55","23,1","28,875","39,8475","36,8676","32,34","33,18084",,,,,,,,,,,,
,10361,"Голки TWO TREES для очищення сопел 3D-принтера з нержавіючої сталі 0,35 мм (1 футляр - 10 шт)",,"0,55","23,1","28,875","39,8475","36,8676","32,34","33,18084",,,,,,,,,,,,
,10362,"Силиконовый чехол для Neptune 4, Neptune 4Pro J-образной головки, для 3D-принтеров NP4, N4P Pro",,"1,16","48,72","60,9","84,042","77,75712","68,208","69,981408",,,,,,,,,,,,
,10363,Cопло Creality для 3д принтерів Creality K1C  / K1 Max / Ender3 v3 0.4,,"4,2","176,4","220,5","304,29","281,5344","246,96","253,38096",,,,,,,,,,,,
,10364,"Хотенд 0,4мм зі збільшеним обємом нагрівача для Bambu Lab A1 mini (Ur Elk)",,"5,25","220,5","275,625","380,3625","351,918","308,7","316,7262",,,,,,,,,,,,
,,,,,,0,,0,0,0,,,,,,,,,,,,
,,,,,,0,,0,0,0,,,,,,,,,,,,
,,,,,,0,,0,0,0,,,,,,,,,,,,
,,,,,,0,,0,0,0,,,,,,,,,,,,
,,,,,,0,,0,0,0,,,,,,,,,,,,
,,,,,,0,,0,0,0,,,,,,,,,,,,
,,,,,,0,,0,0,0,,,,,,,,,,,,
,,,,,,0,,0,0,0,,,,,,,,,,,,
,,,,,,0,,0,0,0,,,,,,,,,,,,
,,,,,,0,,0,0,0,,,,,,,,,,,,
,,,,,,0,,0,0,0,,,,,,,,,,,,
,,,,,,0,,0,0,0,,,,,,,,,,,,
,,,,,,0,,0,0,0,,,,,,,,,,,,
,,,,,,0,,0,0,0,,,,,,,,,,,,
,,,,,,0,,0,0,0,,,,,,,,,,,,
,,,,,,0,,0,0,0,,,,,,,,,,,,
,,,,,,0,,0,0,0,,,,,,,,,,,,
,,,,,,0,,0,0,0,,,,,,,,,,,,
,,,,,,0,,0,0,0,,,,,,,,,,,,
,,,,,,0,,0,0,0,,,,,,,,,,,,
,,,,,,0,,0,0,0,,,,,,,,,,,,
,,,,,,0,,0,0,0,,,,,,,,,,,,
,,,,,,0,,0,0,0,,,,,,,,,,,,
,,,,,,0,,0,0,0,,,,,,,,,,,,
,,,,,,0,,0,0,0,,,,,,,,,,,,
,,,,,,0,,0,0,0,,,,,,,,,,,,
,,,,,,0,,0,0,0,,,,,,,,,,,,
,,,,,,0,,0,0,0,,,,,,,,,,,,
,,,,,,0,,0,0,0,,,,,,,,,,,,
,,,,,,0,,0,0,0,,,,,,,,,,,,
,,,,,,0,,0,0,0,,,,,,,,,,,,
,,,,,,0,,0,0,0,,,,,,,,,,,,
,,,,,,0,,0,0,0,,,,,,,,,,,,
,,,,,,0,,0,0,0,,,,,,,,,,,,
,,,,,,0,,0,0,0,,,,,,,,,,,,
,,,,,,0,,0,0,0,,,,,,,,,,,,
,,,,,,0,,0,0,0,,,,,,,,,,,,
,,,,,,0,,0,0,0,,,,,,,,,,,,
,,,,,,0,,0,0,0,,,,,,,,,,,,
,,,,,,0,,0,0,0,,,,,,,,,,,,
,,,,,,0,,0,0,0,,,,,,,,,,,,
,,,,,,0,,0,0,0,,,,,,,,,,,,
,,,,,,0,,0,0,0,,,,,,,,,,,,
,,,,,,0,,0,0,0,,,,,,,,,,,,
,,,,,,0,,0,0,0,,,,,,,,,,,,
,,,,,,0,,0,0,0,,,,,,,,,,,,
,,,,,,0,,0,0,0,,,,,,,,,,,,
,,,,,,0,,0,0,0,,,,,,,,,,,,
,,,,,,0,,0,0,0,,,,,,,,,,,,
,,,,,,0,,0,0,0,,,,,,,,,,,,
,,,,,,0,,0,0,0,,,,,,,,,,,,
,,,,,,0,,0,0,0,,,,,,,,,,,,
,,,,,,0,,0,0,0,,,,,,,,,,,,
,,,,,,0,,0,0,0,,,,,,,,,,,,
,,,,,,0,,0,0,0,,,,,,,,,,,,
,,,,,,0,,0,0,0,,,,,,,,,,,,
,,,,,,0,,0,0,0,,,,,,,,,,,,
,,,,,,0,,0,0,0,,,,,,,,,,,,
,,,,,,0,,0,0,0,,,,,,,,,,,,
,,,,,,0,,0,0,0,,,,,,,,,,,,
,,,,,,0,,0,0,0,,,,,,,,,,,,
,,,,,,0,,0,0,0,,,,,,,,,,,,
,,,,,,0,,0,0,0,,,,,,,,,,,,
,,,,,,0,,0,0,0,,,,,,,,,,,,
,,,,,,0,,0,0,0,,,,,,,,,,,,
,,,,,,0,,0,0,0,,,,,,,,,,,,
,,,,,,0,,0,0,0,,,,,,,,,,,,
,,,,,,0,,0,0,0,,,,,,,,,,,,
,,,,,,0,,0,0,0,,,,,,,,,,,,
,,,,,,0,,0,0,0,,,,,,,,,,,,
,,,,,,0,,0,0,0,,,,,,,,,,,,
,,,,,,0,,0,0,0,,,,,,,,,,,,
,,,,,,0,,0,0,0,,,,,,,,,,,,
,,,,,,0,,0,0,0,,,,,,,,,,,,
,,,,,,0,,0,0,0,,,,,,,,,,,,
,,,,,,0,,0,0,0,,,,,,,,,,,,
,,,,,,0,,0,0,0,,,,,,,,,,,,
,,,,,,0,,0,0,0,,,,,,,,,,,,
,,,,,,0,,0,0,0,,,,,,,,,,,,
,,,,,,0,,0,0,0,,,,,,,,,,,,
,,,,,,0,,0,0,0,,,,,,,,,,,,
,,,,,,0,,0,0,0,,,,,,,,,,,,
,,,,,,0,,0,0,0,,,,,,,,,,,,
,,,,,,0,,0,0,0,,,,,,,,,,,,
,,,,,,0,,0,0,0,,,,,,,,,,,,
,,,,,,0,,0,0,0,,,,,,,,,,,,
,,,,,,0,,0,0,0,,,,,,,,,,,,
,,,,,,0,,0,0,0,,,,,,,,,,,,
,,,,,,0,,0,0,0,,,,,,,,,,,,
,,,,,,0,,0,0,0,,,,,,,,,,,,
,,,,,,0,,0,0,0,,,,,,,,,,,,
,,,,,,0,,0,0,0,,,,,,,,,,,,
,,,,,,0,,0,0,0,,,,,,,,,,,,
,,,,,,0,,0,0,0,,,,,,,,,,,,
,,,,,,0,,0,0,0,,,,,,,,,,,,
,,,,,,0,,0,0,0,,,,,,,,,,,,
,,,,,,0,,0,0,0,,,,,,,,,,,,
,,,,,,0,,0,0,0,,,,,,,,,,,,
,,,,,,0,,0,0,0,,,,,,,,,,,,
,,,,,,0,,0,0,0,,,,,,,,,,,,
,,,,,,0,,0,0,0,,,,,,,,,,,,
,,,,,,0,,0,0,0,,,,,,,,,,,,
,,,,,,0,,0,0,0,,,,,,,,,,,,
,,,,,,0,,0,0,0,,,,,,,,,,,,
,,,,,,0,,0,0,0,,,,,,,,,,,,
,,,,,,0,,0,0,0,,,,,,,,,,,,
,,,,,,0,,0,0,0,,,,,,,,,,,,
,,,,,,0,,0,0,0,,,,,,,,,,,,
,,,,,,0,,0,0,0,,,,,,,,,,,,
,,,,,,0,,0,0,0,,,,,,,,,,,,
,,,,,,0,,0,0,0,,,,,,,,,,,,
,,,,,,0,,0,0,0,,,,,,,,,,,,
,,,,,,0,,0,0,0,,,,,,,,,,,,
,,,,,,0,,0,0,0,,,,,,,,,,,,
,,,,,,0,,0,0,0,,,,,,,,,,,,
,,,,,,0,,0,0,0,,,,,,,,,,,,
,,,,,,0,,0,0,0,,,,,,,,,,,,
,,,,,,0,,0,0,0,,,,,,,,,,,,
,,,,,,0,,0,0,0,,,,,,,,,,,,
,,,,,,0,,0,0,0,,,,,,,,,,,,
,,,,,,0,,0,0,0,,,,,,,,,,,,
,,,,,,0,,0,0,0,,,,,,,,,,,,
,,,,,,0,,0,0,0,,,,,,,,,,,,
,,,,,,0,,0,0,0,,,,,,,,,,,,
,,,,,,0,,0,0,0,,,,,,,,,,,,
,,,,,,0,,0,0,0,,,,,,,,,,,,
,,,,,,0,,0,0,0,,,,,,,,,,,,
,,,,,,0,,0,0,0,,,,,,,,,,,,
,,,,,,0,,0,0,0,,,,,,,,,,,,
,,,,,,0,,0,0,0,,,,,,,,,,,,
,,,,,,0,,0,0,0,,,,,,,,,,,,
,,,,,,0,,0,0,0,,,,,,,,,,,,
,,,,,,0,,0,0,0,,,,,,,,,,,,
,,,,,,0,,0,0,0,,,,,,,,,,,,
,,,,,,0,,0,0,0,,,,,,,,,,,,
,,,,,,0,,0,0,0,,,,,,,,,,,,
,,,,,,0,,0,0,0,,,,,,,,,,,,
,,,,,,0,,0,0,0,,,,,,,,,,,,
,,,,,,0,,0,0,0,,,,,,,,,,,,
,,,,,,0,,0,0,0,,,,,,,,,,,,
,,,,,,0,,0,0,0,,,,,,,,,,,,
,,,,,,0,,0,0,0,,,,,,,,,,,,
,,,,,,0,,0,0,0,,,,,,,,,,,,
,,,,,,0,,0,0,0,,,,,,,,,,,,
,,,,,,0,,0,0,0,,,,,,,,,,,,
,,,,,,0,,0,0,0,,,,,,,,,,,,
,,,,,,0,,0,0,0,,,,,,,,,,,,
,,,,,,0,,0,0,0,,,,,,,,,,,,
,,,,,,0,,0,0,0,,,,,,,,,,,,
,,,,,,0,,0,0,0,,,,,,,,,,,,
,,,,,,0,,0,0,0,,,,,,,,,,,,
,,,,,,0,,0,0,0,,,,,,,,,,,,
,,,,,,0,,0,0,0,,,,,,,,,,,,
,,,,,,0,,0,0,0,,,,,,,,,,,,
,,,,,,0,,0,0,0,,,,,,,,,,,,
,,,,,,0,,0,0,0,,,,,,,,,,,,
,,,,,,0,,0,0,0,,,,,,,,,,,,
,,,,,,0,,0,0,0,,,,,,,,,,,,
,,,,,,0,,0,0,0,,,,,,,,,,,,
,,,,,,0,,0,0,0,,,,,,,,,,,,
,,,,,,0,,0,0,0,,,,,,,,,,,,
,,,,,,0,,0,0,0,,,,,,,,,,,,
,,,,,,0,,0,0,0,,,,,,,,,,,,
,,,,,,0,,0,0,0,,,,,,,,,,,,
,,,,,,0,,0,0,0,,,,,,,,,,,,
,,,,,,0,,0,0,0,,,,,,,,,,,,
,,,,,,0,,0,0,0,,,,,,,,,,,,
,,,,,,0,,0,0,0,,,,,,,,,,,,
,,,,,,0,,0,0,0,,,,,,,,,,,,
,,,,,,0,,0,0,0,,,,,,,,,,,,
,,,,,,0,,0,0,0,,,,,,,,,,,,
,,,,,,0,,0,0,0,,,,,,,,,,,,
,,,,,,0,,0,0,0,,,,,,,,,,,,
,,,,,,0,,0,0,0,,,,,,,,,,,,
,,,,,,0,,0,0,0,,,,,,,,,,,,
,,,,,,0,,0,0,0,,,,,,,,,,,,
,,,,,,0,,0,0,0,,,,,,,,,,,,
,,,,,,0,,0,0,0,,,,,,,,,,,,
,,,,,,0,,0,0,0,,,,,,,,,,,,
,,,,,,0,,0,0,0,,,,,,,,,,,,
,,,,,,0,,0,0,0,,,,,,,,,,,,
,,,,,,0,,0,0,0,,,,,,,,,,,,
,,,,,,0,,0,0,0,,,,,,,,,,,,
,,,,,,0,,0,0,0,,,,,,,,,,,,
,,,,,,0,,0,0,0,,,,,,,,,,,,
,,,,,,0,,0,0,0,,,,,,,,,,,,
,,,,,,0,,0,0,0,,,,,,,,,,,,
,,,,,,0,,0,0,0,,,,,,,,,,,,
,,,,,,0,,0,0,0,,,,,,,,,,,,
,,,,,,0,,0,0,0,,,,,,,,,,,,
,,,,,,0,,0,0,0,,,,,,,,,,,,
,,,,,,0,,0,0,0,,,,,,,,,,,,
,,,,,,0,,0,0,0,,,,,,,,,,,,
,,,,,,0,,0,0,0,,,,,,,,,,,,
,,,,,,0,,0,0,0,,,,,,,,,,,,
,,,,,,0,,0,0,0,,,,,,,,,,,,
,,,,,,0,,0,0,0,,,,,,,,,,,,
,,,,,,0,,0,0,0,,,,,,,,,,,,
,,,,,,0,,0,0,0,,,,,,,,,,,,
,,,,,,0,,0,0,0,,,,,,,,,,,,
,,,,,,0,,0,0,0,,,,,,,,,,,,
,,,,,,0,,0,0,0,,,,,,,,,,,,
,,,,,,0,,0,0,0,,,,,,,,,,,,
,,,,,,0,,0,0,0,,,,,,,,,,,,
,,,,,,0,,0,0,0,,,,,,,,,,,,
,,,,,,0,,0,0,0,,,,,,,,,,,,
,,,,,,0,,0,0,0,,,,,,,,,,,,
,,,,,,0,,0,0,0,,,,,,,,,,,,
,,,,,,0,,0,0,0,,,,,,,,,,,,
,,,,,,0,,0,0,0,,,,,,,,,,,,
,,,,,,0,,0,0,0,,,,,,,,,,,,
,,,,,,0,,0,0,0,,,,,,,,,,,,
,,,,,,0,,0,0,0,,,,,,,,,,,,
,,,,,,0,,0,0,0,,,,,,,,,,,,
,,,,,,0,,0,0,0,,,,,,,,,,,,
,,,,,,0,,0,0,0,,,,,,,,,,,,
,,,,,,0,,0,0,0,,,,,,,,,,,,
,,,,,,0,,0,0,0,,,,,,,,,,,,
,,,,,,0,,0,0,0,,,,,,,,,,,,
,,,,,,0,,0,0,0,,,,,,,,,,,,
,,,,,,0,,0,0,0,,,,,,,,,,,,
,,,,,,0,,0,0,0,,,,,,,,,,,,
,,,,,,0,,0,0,0,,,,,,,,,,,,
,,,,,,0,,0,0,0,,,,,,,,,,,,
,,,,,,0,,0,0,0,,,,,,,,,,,,
,,,,,,0,,0,0,0,,,,,,,,,,,,
,,,,,,0,,0,0,0,,,,,,,,,,,,
,,,,,,0,,0,0,0,,,,,,,,,,,,
,,,,,,0,,0,0,0,,,,,,,,,,,,
,,,,,,0,,0,0,0,,,,,,,,,,,,
,,,,,,0,,0,0,0,,,,,,,,,,,,
,,,,,,0,,0,0,0,,,,,,,,,,,,
,,,,,,0,,0,0,0,,,,,,,,,,,,
,,,,,,0,,0,0,0,,,,,,,,,,,,
,,,,,,0,,0,0,0,,,,,,,,,,,,
,,,,,,0,,0,0,0,,,,,,,,,,,,
,,,,,,0,,0,0,0,,,,,,,,,,,,
,,,,,,0,,0,0,0,,,,,,,,,,,,
,,,,,,0,,0,0,0,,,,,,,,,,,,
,,,,,,0,,0,0,0,,,,,,,,,,,,
,,,,,,0,,0,0,0,,,,,,,,,,,,
,,,,,,0,,0,0,0,,,,,,,,,,,,
,,,,,,0,,0,0,0,,,,,,,,,,,,
,,,,,,0,,0,0,0,,,,,,,,,,,,
,,,,,,0,,0,0,0,,,,,,,,,,,,
,,,,,,0,,0,0,0,,,,,,,,,,,,
,,,,,,0,,0,0,0,,,,,,,,,,,,
,,,,,,0,,0,0,0,,,,,,,,,,,,
,,,,,,0,,0,0,0,,,,,,,,,,,,
,,,,,,0,,0,0,0,,,,,,,,,,,,
,,,,,,0,,0,0,0,,,,,,,,,,,,
,,,,,,0,,0,0,0,,,,,,,,,,,,
,,,,,,0,,0,0,0,,,,,,,,,,,,
,,,,,,0,,0,0,0,,,,,,,,,,,,
,,,,,,0,,0,0,0,,,,,,,,,,,,
,,,,,,0,,0,0,0,,,,,,,,,,,,
,,,,,,0,,0,0,0,,,,,,,,,,,,
,,,,,,0,,0,0,0,,,,,,,,,,,,
,,,,,,0,,0,0,0,,,,,,,,,,,,
,,,,,,0,,0,0,0,,,,,,,,,,,,
,,,,,,0,,0,0,0,,,,,,,,,,,,
,,,,,,0,,0,0,0,,,,,,,,,,,,
,,,,,,0,,0,0,0,,,,,,,,,,,,
,,,,,,0,,0,0,0,,,,,,,,,,,,
,,,,,,0,,0,0,0,,,,,,,,,,,,
,,,,,,0,,0,0,0,,,,,,,,,,,,
,,,,,,0,,0,0,0,,,,,,,,,,,,
,,,,,,0,,0,0,0,,,,,,,,,,,,
,,,,,,0,,0,0,0,,,,,,,,,,,,
,,,,,,0,,0,0,0,,,,,,,,,,,,
,,,,,,0,,0,0,0,,,,,,,,,,,,
,,,,,,0,,0,0,0,,,,,,,,,,,,
,,,,,,0,,0,0,0,,,,,,,,,,,,
,,,,,,0,,0,0,0,,,,,,,,,,,,
,,,,,,0,,0,0,0,,,,,,,,,,,,
,,,,,,0,,0,0,0,,,,,,,,,,,,
,,,,,,0,,0,0,0,,,,,,,,,,,,
,,,,,,0,,0,0,0,,,,,,,,,,,,
,,,,,,0,,0,0,0,,,,,,,,,,,,
,,,,,,0,,0,0,0,,,,,,,,,,,,
,,,,,,0,,0,0,0,,,,,,,,,,,,
,,,,,,0,,0,0,0,,,,,,,,,,,,
,,,,,,0,,0,0,0,,,,,,,,,,,,
,,,,,,0,,0,0,0,,,,,,,,,,,,
,,,,,,0,,0,0,0,,,,,,,,,,,,
,,,,,,0,,0,0,0,,,,,,,,,,,,
,,,,,,0,,0,0,0,,,,,,,,,,,,
,,,,,,0,,0,0,0,,,,,,,,,,,,
,,,,,,0,,0,0,0,,,,,,,,,,,,
,,,,,,0,,0,0,0,,,,,,,,,,,,
,,,,,,0,,0,0,0,,,,,,,,,,,,
,,,,,,0,,0,0,0,,,,,,,,,,,,
,,,,,,0,,0,0,0,,,,,,,,,,,,
,,,,,,0,,0,0,0,,,,,,,,,,,,
,,,,,,0,,0,0,0,,,,,,,,,,,,
,,,,,,0,,0,0,0,,,,,,,,,,,,
,,,,,,0,,0,0,0,,,,,,,,,,,,
,,,,,,0,,0,0,0,,,,,,,,,,,,
,,,,,,0,,0,0,0,,,,,,,,,,,,
,,,,,,0,,0,0,0,,,,,,,,,,,,
,,,,,,0,,0,0,0,,,,,,,,,,,,
,,,,,,0,,0,0,0,,,,,,,,,,,,
,,,,,,0,,0,0,0,,,,,,,,,,,,
,,,,,,0,,0,0,0,,,,,,,,,,,,
,,,,,,0,,0,0,0,,,,,,,,,,,,
,,,,,,0,,0,0,0,,,,,,,,,,,,
,,,,,,0,,0,0,0,,,,,,,,,,,,
,,,,,,0,,0,0,0,,,,,,,,,,,,
,,,,,,0,,0,0,0,,,,,,,,,,,,
,,,,,,0,,0,0,0,,,,,,,,,,,,
,,,,,,0,,0,0,0,,,,,,,,,,,,
,,,,,,0,,0,0,0,,,,,,,,,,,,
,,,,,,0,,0,0,0,,,,,,,,,,,,
,,,,,,0,,0,0,0,,,,,,,,,,,,
,,,,,,0,,0,0,0,,,,,,,,,,,,
,,,,,,0,,0,0,0,,,,,,,,,,,,
,,,,,,0,,0,0,0,,,,,,,,,,,,
,,,,,,0,,0,0,0,,,,,,,,,,,,
,,,,,,0,,0,0,0,,,,,,,,,,,,
,,,,,,0,,0,0,0,,,,,,,,,,,,
,,,,,,0,,0,0,0,,,,,,,,,,,,
,,,,,,0,,0,0,0,,,,,,,,,,,,
,,,,,,0,,0,0,0,,,,,,,,,,,,
,,,,,,0,,0,0,0,,,,,,,,,,,,
,,,,,,0,,0,0,0,,,,,,,,,,,,
,,,,,,0,,0,0,0,,,,,,,,,,,,
,,,,,,0,,0,0,0,,,,,,,,,,,,
,,,,,,0,,0,0,0,,,,,,,,,,,,
,,,,,,0,,0,0,0,,,,,,,,,,,,
,,,,,,0,,0,0,0,,,,,,,,,,,,
,,,,,,0,,0,0,0,,,,,,,,,,,,
,,,,,,0,,0,0,0,,,,,,,,,,,,
,,,,,,0,,0,0,0,,,,,,,,,,,,
,,,,,,0,,0,0,0,,,,,,,,,,,,
,,,,,,0,,0,0,0,,,,,,,,,,,,
,,,,,,0,,0,0,0,,,,,,,,,,,,
,,,,,,0,,0,0,0,,,,,,,,,,,,
,,,,,,0,,0,0,0,,,,,,,,,,,,
,,,,,,0,,0,0,0,,,,,,,,,,,,
,,,,,,0,,0,0,0,,,,,,,,,,,,
,,,,,,0,,0,0,0,,,,,,,,,,,,
,,,,,,0,,0,0,0,,,,,,,,,,,,
,,,,,,0,,0,0,0,,,,,,,,,,,,
,,,,,,0,,0,0,0,,,,,,,,,,,,
,,,,,,0,,0,0,0,,,,,,,,,,,,
,,,,,,0,,0,0,0,,,,,,,,,,,,
,,,,,,0,,0,0,0,,,,,,,,,,,,
,,,,,,0,,0,0,0,,,,,,,,,,,,
,,,,,,0,,0,0,0,,,,,,,,,,,,
,,,,,,0,,0,0,0,,,,,,,,,,,,
,,,,,,0,,0,0,0,,,,,,,,,,,,
,,,,,,0,,0,0,0,,,,,,,,,,,,
,,,,,,0,,0,0,0,,,,,,,,,,,,
,,,,,,0,,0,0,0,,,,,,,,,,,,
,,,,,,0,,0,0,0,,,,,,,,,,,,
,,,,,,0,,0,0,0,,,,,,,,,,,,
,,,,,,0,,0,0,0,,,,,,,,,,,,
,,,,,,0,,0,0,0,,,,,,,,,,,,
,,,,,,0,,0,0,0,,,,,,,,,,,,
,,,,,,0,,0,0,0,,,,,,,,,,,,
,,,,,,0,,0,0,0,,,,,,,,,,,,
,,,,,,0,,0,0,0,,,,,,,,,,,,
,,,,,,0,,0,0,0,,,,,,,,,,,,
,,,,,,0,,0,0,0,,,,,,,,,,,,
,,,,,,0,,0,0,0,,,,,,,,,,,,
,,,,,,0,,0,0,0,,,,,,,,,,,,
,,,,,,0,,0,0,0,,,,,,,,,,,,
,,,,,,0,,0,0,0,,,,,,,,,,,,
,,,,,,0,,0,0,0,,,,,,,,,,,,
,,,,,,0,,0,0,0,,,,,,,,,,,,
,,,,,,0,,0,0,0,,,,,,,,,,,,
,,,,,,0,,0,0,0,,,,,,,,,,,,
,,,,,,0,,0,0,0,,,,,,,,,,,,
,,,,,,0,,0,0,0,,,,,,,,,,,,
,,,,,,0,,0,0,0,,,,,,,,,,,,
,,,,,,0,,0,0,0,,,,,,,,,,,,
,,,,,,0,,0,0,0,,,,,,,,,,,,
,,,,,,0,,0,0,0,,,,,,,,,,,,
,,,,,,0,,0,0,0,,,,,,,,,,,,
,,,,,,0,,0,0,0,,,,,,,,,,,,
,,,,,,0,,0,0,0,,,,,,,,,,,,
,,,,,,0,,0,0,0,,,,,,,,,,,,
,,,,,,0,,0,0,0,,,,,,,,,,,,
,,,,,,0,,0,0,0,,,,,,,,,,,,
,,,,,,0,,0,0,0,,,,,,,,,,,,
,,,,,,0,,0,0,0,,,,,,,,,,,,
,,,,,,0,,0,0,0,,,,,,,,,,,,
,,,,,,0,,0,0,0,,,,,,,,,,,,
,,,,,,0,,0,0,0,,,,,,,,,,,,
,,,,,,0,,0,0,0,,,,,,,,,,,,
,,,,,,0,,0,0,0,,,,,,,,,,,,
,,,,,,0,,0,0,0,,,,,,,,,,,,
,,,,,,0,,0,0,0,,,,,,,,,,,,
,,,,,,0,,0,0,0,,,,,,,,,,,,
,,,,,,0,,0,0,0,,,,,,,,,,,,
,,,,,,0,,0,0,0,,,,,,,,,,,,
,,,,,,0,,0,0,0,,,,,,,,,,,,
,,,,,,0,,0,0,0,,,,,,,,,,,,
,,,,,,0,,0,0,0,,,,,,,,,,,,
,,,,,,0,,0,0,0,,,,,,,,,,,,
,,,,,,0,,0,0,0,,,,,,,,,,,,
,,,,,,0,,0,0,0,,,,,,,,,,,,
,,,,,,0,,0,0,0,,,,,,,,,,,,
,,,,,,0,,0,0,0,,,,,,,,,,,,
,,,,,,0,,0,0,0,,,,,,,,,,,,
,,,,,,0,,0,0,0,,,,,,,,,,,,
,,,,,,0,,0,0,0,,,,,,,,,,,,
,,,,,,0,,0,0,0,,,,,,,,,,,,
,,,,,,0,,0,0,0,,,,,,,,,,,,
,,,,,,0,,0,0,0,,,,,,,,,,,,
,,,,,,0,,0,0,0,,,,,,,,,,,,
,,,,,,0,,0,0,0,,,,,,,,,,,,
,,,,,,0,,0,0,0,,,,,,,,,,,,
,,,,,,0,,0,0,0,,,,,,,,,,,,
,,,,,,0,,0,0,0,,,,,,,,,,,,
,,,,,,0,,0,0,0,,,,,,,,,,,,
,,,,,,0,,0,0,0,,,,,,,,,,,,
,,,,,,0,,0,0,0,,,,,,,,,,,,
,,,,,,0,,0,0,0,,,,,,,,,,,,
,,,,,,0,,0,0,0,,,,,,,,,,,,
,,,,,,0,,0,0,0,,,,,,,,,,,,
,,,,,,0,,0,0,0,,,,,,,,,,,,
,,,,,,0,,0,0,0,,,,,,,,,,,,
,,,,,,0,,0,0,0,,,,,,,,,,,,
,,,,,,0,,0,0,0,,,,,,,,,,,,
,,,,,,0,,0,0,0,,,,,,,,,,,,
,,,,,,0,,0,0,0,,,,,,,,,,,,
,,,,,,0,,0,0,0,,,,,,,,,,,,
,,,,,,0,,0,0,0,,,,,,,,,,,,
,,,,,,0,,0,0,0,,,,,,,,,,,,
,,,,,,0,,0,0,0,,,,,,,,,,,,
,,,,,,0,,0,0,0,,,,,,,,,,,,
,,,,,,0,,0,0,0,,,,,,,,,,,,
,,,,,,0,,0,0,0,,,,,,,,,,,,
,,,,,,0,,0,0,0,,,,,,,,,,,,
,,,,,,0,,0,0,0,,,,,,,,,,,,
,,,,,,0,,0,0,0,,,,,,,,,,,,
,,,,,,0,,0,0,0,,,,,,,,,,,,
,,,,,,0,,0,0,0,,,,,,,,,,,,
,,,,,,0,,0,0,0,,,,,,,,,,,,
,,,,,,0,,0,0,0,,,,,,,,,,,,
,,,,,,0,,0,0,0,,,,,,,,,,,,
,,,,,,0,,0,0,0,,,,,,,,,,,,
,,,,,,0,,0,0,0,,,,,,,,,,,,
,,,,,,0,,0,0,0,,,,,,,,,,,,
,,,,,,0,,0,0,0,,,,,,,,,,,,
,,,,,,0,,0,0,0,,,,,,,,,,,,
,,,,,,0,,0,0,0,,,,,,,,,,,,
,,,,,,0,,0,0,0,,,,,,,,,,,,
,,,,,,0,,0,0,0,,,,,,,,,,,,
,,,,,,0,,0,0,0,,,,,,,,,,,,
,,,,,,0,,0,0,0,,,,,,,,,,,,
,,,,,,0,,0,0,0,,,,,,,,,,,,
,,,,,,0,,0,0,0,,,,,,,,,,,,
,,,,,,0,,0,0,0,,,,,,,,,,,,
,,,,,,0,,0,0,0,,,,,,,,,,,,
,,,,,,0,,0,0,0,,,,,,,,,,,,
,,,,,,0,,0,0,0,,,,,,,,,,,,
,,,,,,0,,0,0,0,,,,,,,,,,,,
,,,,,,0,,0,0,0,,,,,,,,,,,,
,,,,,,0,,0,0,0,,,,,,,,,,,,
,,,,,,0,,0,0,0,,,,,,,,,,,,
,,,,,,0,,0,0,0,,,,,,,,,,,,
,,,,,,0,,0,0,0,,,,,,,,,,,,
,,,,,,0,,0,0,0,,,,,,,,,,,,
,,,,,,0,,0,0,0,,,,,,,,,,,,
,,,,,,0,,0,0,0,,,,,,,,,,,,
,,,,,,0,,0,0,0,,,,,,,,,,,,
,,,,,,0,,0,0,0,,,,,,,,,,,,
,,,,,,0,,0,0,0,,,,,,,,,,,,
,,,,,,0,,0,0,0,,,,,,,,,,,,
,,,,,,0,,0,0,0,,,,,,,,,,,,
,,,,,,0,,0,0,0,,,,,,,,,,,,
,,,,,,0,,0,0,0,,,,,,,,,,,,
,,,,,,0,,0,0,0,,,,,,,,,,,,
,,,,,,0,,0,0,0,,,,,,,,,,,,
,,,,,,0,,0,0,0,,,,,,,,,,,,
,,,,,,0,,0,0,0,,,,,,,,,,,,
,,,,,,0,,0,0,0,,,,,,,,,,,,
,,,,,,0,,0,0,0,,,,,,,,,,,,
,,,,,,0,,0,0,0,,,,,,,,,,,,
,,,,,,0,,0,0,0,,,,,,,,,,,,
,,,,,,0,,0,0,0,,,,,,,,,,,,
,,,,,,0,,0,0,0,,,,,,,,,,,,
,,,,,,0,,0,0,0,,,,,,,,,,,,
,,,,,,0,,0,0,0,,,,,,,,,,,,
,,,,,,0,,0,0,0,,,,,,,,,,,,
,,,,,,0,,0,0,0,,,,,,,,,,,,
,,,,,,0,,0,0,0,,,,,,,,,,,,
,,,,,,0,,0,0,0,,,,,,,,,,,,
,,,,,,0,,0,0,0,,,,,,,,,,,,
,,,,,,0,,0,0,0,,,,,,,,,,,,
,,,,,,0,,0,0,0,,,,,,,,,,,,
,,,,,,0,,0,0,0,,,,,,,,,,,,
,,,,,,0,,0,0,0,,,,,,,,,,,,
,,,,,,0,,0,0,0,,,,,,,,,,,,
,,,,,,0,,0,0,0,,,,,,,,,,,,
,,,,,,0,,0,0,0,,,,,,,,,,,,
,,,,,,0,,0,0,0,,,,,,,,,,,,
,,,,,,0,,0,0,0,,,,,,,,,,,,
,,,,,,0,,0,0,0,,,,,,,,,,,,
,,,,,,0,,0,0,0,,,,,,,,,,,,
,,,,,,0,,0,0,0,,,,,,,,,,,,
,,,,,,0,,0,0,0,,,,,,,,,,,,
,,,,,,0,,0,0,0,,,,,,,,,,,,
,,,,,,0,,0,0,0,,,,,,,,,,,,
,,,,,,0,,0,0,0,,,,,,,,,,,,
,,,,,,0,,0,0,0,,,,,,,,,,,,
,,,,,,0,,0,0,0,,,,,,,,,,,,
,,,,,,0,,0,0,0,,,,,,,,,,,,
,,,,,,0,,0,0,0,,,,,,,,,,,,
,,,,,,0,,0,0,0,,,,,,,,,,,,
,,,,,,0,,0,0,0,,,,,,,,,,,,
,,,,,,0,,0,0,0,,,,,,,,,,,,
,,,,,,0,,0,0,0,,,,,,,,,,,,
,,,,,,0,,0,0,0,,,,,,,,,,,,
,,,,,,0,,0,0,0,,,,,,,,,,,,
,,,,,,0,,0,0,0,,,,,,,,,,,,
,,,,,,0,,0,0,0,,,,,,,,,,,,
,,,,,,0,,0,0,0,,,,,,,,,,,,
,,,,,,0,,0,0,0,,,,,,,,,,,,
,,,,,,0,,0,0,0,,,,,,,,,,,,
,,,,,,0,,0,0,0,,,,,,,,,,,,
,,,,,,0,,0,0,0,,,,,,,,,,,,
,,,,,,0,,0,0,0,,,,,,,,,,,,
,,,,,,0,,0,0,0,,,,,,,,,,,,
,,,,,,0,,0,0,0,,,,,,,,,,,,
,,,,,,0,,0,0,0,,,,,,,,,,,,
,,,,,,0,,0,0,0,,,,,,,,,,,,
,,,,,,0,,0,0,0,,,,,,,,,,,,
,,,,,,0,,0,0,0,,,,,,,,,,,,
,,,,,,0,,0,0,0,,,,,,,,,,,,
,,,,,,0,,0,0,0,,,,,,,,,,,,
,,,,,,0,,0,0,0,,,,,,,,,,,,
,,,,,,0,,0,0,0,,,,,,,,,,,,
,,,,,,0,,0,0,0,,,,,,,,,,,,
,,,,,,0,,0,0,0,,,,,,,,,,,,
,,,,,,0,,0,0,0,,,,,,,,,,,,
,,,,,,0,,0,0,0,,,,,,,,,,,,
,,,,,,0,,0,0,0,,,,,,,,,,,,
,,,,,,0,,0,0,0,,,,,,,,,,,,
,,,,,,0,,0,0,0,,,,,,,,,,,,
,,,,,,0,,0,0,0,,,,,,,,,,,,
,,,,,,0,,0,0,0,,,,,,,,,,,,
,,,,,,0,,0,0,0,,,,,,,,,,,,
,,,,,,0,,0,0,0,,,,,,,,,,,,
,,,,,,0,,0,0,0,,,,,,,,,,,,
,,,,,,0,,0,0,0,,,,,,,,,,,,
,,,,,,0,,0,0,0,,,,,,,,,,,,
,,,,,,0,,0,0,0,,,,,,,,,,,,
,,,,,,0,,0,0,0,,,,,,,,,,,,
,,,,,,0,,0,0,0,,,,,,,,,,,,
,,,,,,0,,0,0,0,,,,,,,,,,,,
,,,,,,0,,0,0,0,,,,,,,,,,,,
,,,,,,0,,0,0,0,,,,,,,,,,,,
,,,,,,0,,0,0,0,,,,,,,,,,,,
,,,,,,0,,0,0,0,,,,,,,,,,,,
,,,,,,0,,0,0,0,,,,,,,,,,,,
,,,,,,0,,0,0,0,,,,,,,,,,,,
,,,,,,0,,0,0,0,,,,,,,,,,,,
,,,,,,0,,0,0,0,,,,,,,,,,,,
,,,,,,0,,0,0,0,,,,,,,,,,,,
,,,,,,0,,0,0,0,,,,,,,,,,,,
,,,,,,0,,0,0,0,,,,,,,,,,,,
,,,,,,0,,0,0,0,,,,,,,,,,,,
,,,,,,0,,0,0,0,,,,,,,,,,,,
,,,,,,0,,0,0,0,,,,,,,,,,,,
,,,,,,0,,0,0,0,,,,,,,,,,,,
,,,,,,0,,0,0,0,,,,,,,,,,,,
,,,,,,0,,0,0,0,,,,,,,,,,,,
,,,,,,0,,0,0,0,,,,,,,,,,,,
,,,,,,0,,0,0,0,,,,,,,,,,,,
,,,,,,0,,0,0,0,,,,,,,,,,,,
,,,,,,0,,0,0,0,,,,,,,,,,,,
,,,,,,0,,0,0,0,,,,,,,,,,,,
,,,,,,0,,0,0,0,,,,,,,,,,,,
,,,,,,0,,0,0,0,,,,,,,,,,,,
,,,,,,0,,0,0,0,,,,,,,,,,,,
,,,,,,0,,0,0,0,,,,,,,,,,,,
,,,,,,0,,0,0,0,,,,,,,,,,,,
,,,,,,0,,0,0,0,,,,,,,,,,,,
,,,,,,0,,0,0,0,,,,,,,,,,,,
,,,,,,0,,0,0,0,,,,,,,,,,,,
,,,,,,0,,0,0,0,,,,,,,,,,,,
,,,,,,0,,0,0,0,,,,,,,,,,,,
,,,,,,0,,0,0,0,,,,,,,,,,,,
,,,,,,0,,0,0,0,,,,,,,,,,,,
,,,,,,0,,0,0,0,,,,,,,,,,,,
,,,,,,0,,0,0,0,,,,,,,,,,,,
,,,,,,0,,0,0,0,,,,,,,,,,,,
,,,,,,0,,0,0,0,,,,,,,,,,,,
,,,,,,0,,0,0,0,,,,,,,,,,,,
,,,,,,0,,0,0,0,,,,,,,,,,,,
,,,,,,0,,0,0,0,,,,,,,,,,,,
,,,,,,0,,0,0,0,,,,,,,,,,,,
,,,,,,0,,0,0,0,,,,,,,,,,,,
,,,,,,0,,0,0,0,,,,,,,,,,,,
,,,,,,0,,0,0,0,,,,,,,,,,,,
,,,,,,0,,0,0,0,,,,,,,,,,,,
,,,,,,0,,0,0,0,,,,,,,,,,,,
,,,,,,0,,0,0,0,,,,,,,,,,,,
,,,,,,0,,0,0,0,,,,,,,,,,,,
,,,,,,0,,0,0,0,,,,,,,,,,,,
,,,,,,0,,0,0,0,,,,,,,,,,,,
,,,,,,0,,0,0,0,,,,,,,,,,,,
,,,,,,0,,0,0,0,,,,,,,,,,,,
,,,,,,0,,0,0,0,,,,,,,,,,,,
,,,,,,0,,0,0,0,,,,,,,,,,,,
,,,,,,0,,0,0,0,,,,,,,,,,,,
,,,,,,0,,0,0,0,,,,,,,,,,,,
,,,,,,0,,0,0,0,,,,,,,,,,,,
,,,,,,0,,0,0,0,,,,,,,,,,,,
,,,,,,0,,0,0,0,,,,,,,,,,,,
,,,,,,0,,0,0,0,,,,,,,,,,,,
,,,,,,0,,0,0,0,,,,,,,,,,,,
,,,,,,0,,0,0,0,,,,,,,,,,,,
,,,,,,0,,0,0,0,,,,,,,,,,,,
,,,,,,0,,0,0,0,,,,,,,,,,,,
,,,,,,0,,0,0,0,,,,,,,,,,,,
,,,,,,0,,0,0,0,,,,,,,,,,,,
,,,,,,0,,0,0,0,,,,,,,,,,,,
,,,,,,0,,0,0,0,,,,,,,,,,,,
,,,,,,0,,0,0,0,,,,,,,,,,,,
,,,,,,0,,0,0,0,,,,,,,,,,,,
,,,,,,0,,0,0,0,,,,,,,,,,,,
,,,,,,0,,0,0,0,,,,,,,,,,,,
,,,,,,0,,0,0,0,,,,,,,,,,,,
,,,,,,0,,0,0,0,,,,,,,,,,,,
,,,,,,0,,0,0,0,,,,,,,,,,,,
,,,,,,0,,0,0,0,,,,,,,,,,,,
,,,,,,0,,0,0,0,,,,,,,,,,,,
,,,,,,0,,0,0,0,,,,,,,,,,,,
,,,,,,0,,0,0,0,,,,,,,,,,,,
,,,,,,0,,0,0,0,,,,,,,,,,,,
,,,,,,0,,0,0,0,,,,,,,,,,,,
,,,,,,0,,0,0,0,,,,,,,,,,,,